AC	Ascension Island	247	999	5	0	X				X	Ascension Island	X	row	X	X	X	X	X	X	X	X	X
AD	Andorra	376	213	6,9	0	X	(\d{3})(\d{3});(\d{4})(\d{4});(\d{3})(\d{3})(\d{3})	$1 $2;$1 $2;$1 $2 $3	[135-9];1;6	X	Andorra	X	eu	X	X	X	X	X	X	X	X	X
AE	الإمارات العربية المتحدة	971	424,430,431	9	0	X	(\d{3})(\d{2,9});(\d{3})(\d{2,9});(\d)(\d{3})(\d{4});(\d{3})(\d)(\d{5});(\d{2})(\d{3})(\d{4})	$1 $2;$1 $2;$1 $2 $3;$1 $2 $3;$1 $2 $3	800;60|8;[236]|[479][2-8];[479];5	X	United Arab Emirates	X	row	X	X	X	X	X	X	X	X	X
AF	افغانستان	93	412	9	0	X	(\d{3})(\d{4});(\d{2})(\d{3})(\d{4})	$1 $2;$1 $2 $3	[2-9];[2-7]	X	Afghanistan	X	row	X	X	X	X	X	X	X	X	X
AG	Antigua & Barbuda	1	344	10	0,1	X				X	Antigua & Barbuda	X	row	X	X	X	X	X	X	X	X	X
AI	Anguilla	1	365	10	0,1	X				X	Anguilla	X	row	X	X	X	X	X	X	X	X	X
AL	Shqipëri	355	276	9	0	X	(\d{3})(\d{3,4});(\d)(\d{3})(\d{4});(\d{2})(\d{3})(\d{3});(\d{3})(\d{5});(\d{2})(\d{3})(\d{4})	$1 $2;$1 $2 $3;$1 $2 $3;$1 $2;$1 $2 $3	80|9;4[2-6];[2358][2-5]|4;[23578];6	X	Albania	X	row	X	X	X	X	X	X	X	X	X
AM	Հայաստան	374	283	8	0	X	(\d{3})(\d{2})(\d{3});(\d{3})(\d{5});(\d{2})(\d{6});(\d{2})(\d{6})	$1 $2 $3;$1 $2;$1 $2;$1 $2	[89]0;2|3[12];1|47;[3-9]	X	Armenia	X	row	X	X	X	X	X	X	X	X	X
AO	Angola	244	631	9	0	X	(\d{3})(\d{3})(\d{3})	$1 $2 $3	[29]	X	Angola	X	row	X	X	X	X	X	X	X	X	X
AR	Argentina	54	722	10,11	0	X	(\d{3});(\d{2})(\d{4});(\d{3})(\d{4});(\d{4})(\d{4});(\d{4})(\d{2})(\d{4});(\d{2})(\d{4})(\d{4});(\d{3})(\d{3})(\d{4});(\d{3})(\d{3})(\d{4});(\d)(\d{4})(\d{2})(\d{4});(\d)(\d{2})(\d{4})(\d{4});(\d)(\d{3})(\d{3})(\d{4})	$1;$1-$2;$1-$2;$1-$2;$1 $2-$3;$1 $2-$3;$1 $2-$3;$1-$2-$3;$1 $2 $3-$4;$1 $2 $3-$4;$1 $2 $3-$4	[09]|1(?:[02]|1[02-5]);[2-7]|8[0-7];[2-7]|8[013-8];2[0-8]|[3-7];2(?:2[024-9]|3[0-59]|47|6[245]|9[02-8])|3(?:3[28]|4[03-9]|5[2-46-8]|7[1-578]|8[2-9])#2(?:[23]02|6(?:[25]|4[6-8])|9(?:[02356]|4[02568]|72|8[23]))|3(?:3[28]|4(?:[04679]|3[5-8]|5[4-68]|8[2379])|5(?:[2467]|3[237]|8[2-5])|7[1-578]|8(?:[2469]|3[2578]|5[4-8]|7[36-8]|8[5-8]))|2(?:2[24-9]|3[1-59]|47)#2(?:[23]02|6(?:[25]|4(?:64|[78]))|9(?:[02356]|4(?:[0268]|5[2-6])|72|8[23]))|3(?:3[28]|4(?:[04679]|3[78]|5(?:4[46]|8)|8[2379])|5(?:[2467]|3[237]|8[23])|7[1-578]|8(?:[2469]|3[278]|5[56][46]|86[3-6]))|2(?:2[24-9]|3[1-59]|47)|38(?:[58][78]|7[378])|3(?:4[35][56]|58[45]|8(?:[38]5|54|76))[4-6]#2(?:[23]02|6(?:[25]|4(?:64|[78]))|9(?:[02356]|4(?:[0268]|5(?:[24-6]|3[2-5]))|72|8[23]))|3(?:3[28]|4(?:[04679]|3(?:5(?:4[0-25689]|[56])|[78])|58|8[2379])|5(?:[2467]|3[237]|8(?:[23]|4(?:[45]|60)|5(?:4[0-39]|5|64)))|7[1-578]|8(?:[2469]|3[278]|54(?:4|5[13-7]|6[89])|86[3-6]))|2(?:2[24-9]|3[1-59]|47)|38(?:[58][78]|7[378])|3(?:454|85[56])[46]|3(?:4(?:36|5[56])|8(?:[38]5|76))[4-6];1;[23];[68];9(?:2[2-469]|3[3-578])#9(?:2(?:2[024-9]|3[0-59]|47|6[245]|9[02-8])|3(?:3[28]|4[03-9]|5[2-46-8]|7[1-578]|8[2-9]))#9(?:2(?:[23]02|6(?:[25]|4[6-8])|9(?:[02356]|4[02568]|72|8[23]))|3(?:3[28]|4(?:[04679]|3[5-8]|5[4-68]|8[2379])|5(?:[2467]|3[237]|8[2-5])|7[1-578]|8(?:[2469]|3[2578]|5[4-8]|7[36-8]|8[5-8])))|92(?:2[24-9]|3[1-59]|47)#9(?:2(?:[23]02|6(?:[25]|4(?:64|[78]))|9(?:[02356]|4(?:[0268]|5[2-6])|72|8[23]))|3(?:3[28]|4(?:[04679]|3[78]|5(?:4[46]|8)|8[2379])|5(?:[2467]|3[237]|8[23])|7[1-578]|8(?:[2469]|3[278]|5(?:[56][46]|[78])|7[378]|8(?:6[3-6]|[78]))))|92(?:2[24-9]|3[1-59]|47)|93(?:4[35][56]|58[45]|8(?:[38]5|54|76))[4-6]#9(?:2(?:[23]02|6(?:[25]|4(?:64|[78]))|9(?:[02356]|4(?:[0268]|5(?:[24-6]|3[2-5]))|72|8[23]))|3(?:3[28]|4(?:[04679]|3(?:5(?:4[0-25689]|[56])|[78])|5(?:4[46]|8)|8[2379])|5(?:[2467]|3[237]|8(?:[23]|4(?:[45]|60)|5(?:4[0-39]|5|64)))|7[1-578]|8(?:[2469]|3[278]|5(?:4(?:4|5[13-7]|6[89])|[56][46]|[78])|7[378]|8(?:6[3-6]|[78]))))|92(?:2[24-9]|3[1-59]|47)|93(?:4(?:36|5[56])|8(?:[38]5|76))[4-6];91;9	X	Argentina	X	row	X	X	X	X	X	X	X	X	X
AS	American Samoa	1	544	10	0,1	X				X	American Samoa	X	row	X	X	X	X	X	X	X	X	X
AT	Österreich	43	232	10,11,12,13	0	X	(\d)(\d{3,12});(\d{3})(\d{2});(\d{2})(\d{3,5});(\d{6});(\d{3})(\d{3,10});(\d{4})(\d{3,9});(\d{2})(\d{3})(\d{3,4});(\d{2})(\d{4})(\d{4,7})	$1 $2;$1 $2;$1 $2;$1;$1 $2;$1 $2;$1 $2 $3;$1 $2 $3	1(?:11|[2-9]);517;5[079];1;(?:31|4)6|51|6(?:5[0-3579]|[6-9])|7(?:20|32|8)|[89];[2-467]|5[2-6];5;5	X	Austria	X	eu	X	X	X	X	X	X	X	X	X
AU	Australia	61	505	9	0	X	(\d{2})(\d{3,4});(\d{2})(\d{2})(\d{2});(\d{3})(\d{3});(\d{3})(\d{4});(\d{4})(\d{3,4});(\d{2})(\d{3})(\d{2,4});(\d{3})(\d{3})(\d{3});(\d)(\d{4})(\d{4});(\d{4})(\d{3})(\d{3})	$1 $2;$1 $2 $3;$1 $2;$1 $2;$1 $2;$1 $2 $3;$1 $2 $3;$1 $2 $3;$1 $2 $3	16;13;19;180#1802;19;16;14|[45];[2378];1(?:30|[89])	X	Australia	X	row	X	X	X	X	X	X	X	X	X
AW	Aruba	297	363	7	0	X	(\d{3})(\d{4})	$1 $2	[25-9]	X	Aruba	X	row	X	X	X	X	X	X	X	X	X
AX	Åland	358	999	6,7,8,9,10,11	0	X				X	Åland Islands	X	eu	X	X	X	X	X	X	X	X	X
AZ	Azərbaycan	994	400	9	0	X	(\d{3})(\d{2})(\d{2});(\d{3})(\d{2})(\d{2})(\d{2});(\d{2})(\d{3})(\d{2})(\d{2});(\d{2})(\d{3})(\d{2})(\d{2})	$1 $2 $3;$1 $2 $3 $4;$1 $2 $3 $4;$1 $2 $3 $4	[1-9];9;[12]|365#[12]|365#[12]|365(?:[0-46-9]|5[0-35-9]);[3-8]	X	Azerbaijan	X	row	X	X	X	X	X	X	X	X	X
BA	Bosna i Hercegovina	387	218	8,9	0	X	(\d{3})(\d{3});(\d{2})(\d{3})(\d{3});(\d{2})(\d{3})(\d{3});(\d{2})(\d{2})(\d{2})(\d{3})	$1-$2;$1 $2 $3;$1 $2-$3;$1 $2 $3 $4	[2-9];6[1-356]|[7-9];[3-5];6	X	Bosnia & Herzegovina	X	row	X	X	X	X	X	X	X	X	X
BB	Barbados	1	342	10	0,1	X				X	Barbados	X	row	X	X	X	X	X	X	X	X	X
BD	বাংলাদেশ	880	470	10	0	X	(\d{2})(\d{4,6});(\d{3})(\d{3,7});(\d{4})(\d{3,6});(\d)(\d{7,8})	$1-$2;$1-$2;$1-$2;$1-$2	31[5-7]|[459]1;3(?:[67]|8[013-9])|4(?:6[168]|7|[89][18])|5(?:6[128]|9)|6(?:28|4[14]|5)|7[2-589]|8(?:0[014-9]|[12])|9[358]|(?:3[2-5]|4[235]|5[2-578]|6[0389]|76|8[3-7]|9[24])1|(?:44|66)[01346-9];[13-9];2	X	Bangladesh	X	row	X	X	X	X	X	X	X	X	X
BE	België	32	206	8,9	0	X	(\d{3})(\d{2})(\d{3});(\d)(\d{3})(\d{2})(\d{2});(\d{2})(\d{2})(\d{2})(\d{2});(\d{3})(\d{2})(\d{2})(\d{2})	$1 $2 $3;$1 $2 $3 $4;$1 $2 $3 $4;$1 $2 $3 $4	(?:80|9)0;[239]|4[23];[15-8];4	X	Belgium	X	eu	X	X	X	X	X	X	X	X	X
BF	Burkina Faso	226	613	8		X	(\d{2})(\d{2})(\d{2})(\d{2})	$1 $2 $3 $4	[025-7]	X	Burkina Faso	X	row	X	X	X	X	X	X	X	X	X
BG	България	359	284	9	0	X	(\d{6});(\d)(\d)(\d{2})(\d{2});(\d{3})(\d{4});(\d)(\d{3})(\d{3,4});(\d{2})(\d{3})(\d{2,3});(\d{3})(\d{2})(\d{3});(\d{3})(\d{3})(\d{2});(\d{2})(\d{3})(\d{3,4});(\d{3})(\d{3})(\d{3})	$1;$1 $2 $3 $4;$1 $2;$1 $2 $3;$1 $2 $3;$1 $2 $3;$1 $2 $3;$1 $2 $3;$1 $2 $3	1;2;43[1-6]|70[1-9];2;[356]|4[124-7]|7[1-9]|8[1-6]|9[1-7];(?:70|8)0;43[1-7]|7;[48]|9[08];9	X	Bulgaria	X	eu	X	X	X	X	X	X	X	X	X
BH	البحرين	973	426	8	0	X	(\d{4})(\d{4})	$1 $2	[13679]|8[047]	X	Bahrain	X	row	X	X	X	X	X	X	X	X	X
BI	Burundi	257	642	8	0	X	(\d{2})(\d{2})(\d{2})(\d{2})	$1 $2 $3 $4	[2367]	X	Burundi	X	row	X	X	X	X	X	X	X	X	X
BJ	Bénin	229	616	8	0	X	(\d{2})(\d{2})(\d{2})(\d{2})	$1 $2 $3 $4	[2689]	X	Benin	X	row	X	X	X	X	X	X	X	X	X
BL	Saint-Barthélemy	590	340	9	0	X				X	St. Barthélemy	X	eu	X	X	X	X	X	X	X	X	X
BM	Bermuda	1	350	10	0,1	X				X	Bermuda	X	row	X	X	X	X	X	X	X	X	X
BN	Brunei	673	528	7	0	X	(\d{3})(\d{4})	$1 $2	[2-578]	X	Brunei	X	row	X	X	X	X	X	X	X	X	X
BO	Bolivia	591	736	8	0	X	(\d)(\d{7});(\d{8});(\d{3})(\d{2})(\d{4})	$1 $2;$1;$1 $2 $3	[23]|4[46];[67];8	X	Bolivia	X	row	X	X	X	X	X	X	X	X	X
BQ	Caribisch Nederland	599	362	7,8	0	X				X	Caribbean Netherlands	X	row	X	X	X	X	X	X	X	X	X
BR	Brasil	55	724	10,11	0	X	(\d{4})(\d{4});(\d{5})(\d{4});(\d{3,5});(\d{2})(\d{4})(\d{4});(\d{2})(\d{5})(\d{4});(\d{4})(\d{4});([3589]00)(\d{2,3})(\d{4})	$1-$2;$1-$2;$1;$1 $2-$3;$1 $2-$3;$1-$2;$1 $2 $3	[2-9](?:[1-9]|0[1-9]);9(?:[1-9]|0[1-9]);1[125689];[1-9][1-9];(?:[14689][1-9]|2[12478]|3[1-578]|5[1-5]|7[13-579])9;(?:300|40(?:0|20));[3589]00	X	Brazil	X	row	X	X	X	X	X	X	X	X	X
BS	Bahamas	1	364	10	0,1	X				X	Bahamas	X	row	X	X	X	X	X	X	X	X	X
BT	འབྲུག	975	402	8	0	X	(\d{3})(\d{3});(\d)(\d{3})(\d{3})	$1 $2;$1 $2 $3	[2-7];[2-68]|7[246]	X	Bhutan	X	row	X	X	X	X	X	X	X	X	X
BW	Botswana	267	652	8	0	X	(\d{2})(\d{5});(\d{3})(\d{4});(\d{2})(\d{3})(\d{3})	$1 $2;$1 $2;$1 $2 $3	90;[2-6];7	X	Botswana	X	row	X	X	X	X	X	X	X	X	X
BY	Беларусь	375	257	9	0,8	X	(\d{2})(\d{3})(\d{2})(\d{2});(\d{3})(\d{2})(\d{2})(\d{2});(\d{4})(\d{2})(\d{3});([89]\d{2})(\d{3})(\d{4});(82\d)(\d{4})(\d{4});(800)(\d{3});(800)(\d{2})(\d{2,4})	$1 $2-$3-$4;$1 $2-$3-$4;$1 $2-$3;$1 $2 $3;$1 $2 $3;$1 $2;$1 $2 $3	17[0-3589]|2[4-9]|[34]#17(?:[02358]|1[0-2]|9[0189])|2[4-9]|[34];1(?:5[24]|6[235]|7[467])|2(?:1[246]|2[25]|3[26])#1(?:5[24]|6(?:2|3[04-9]|5[0346-9])|7(?:[46]|7[37-9]))|2(?:1[246]|2[25]|3[26]);1(?:5[169]|6[3-5]|7[179])|2(?:1[35]|2[34]|3[3-5])#1(?:5[169]|6(?:3[1-3]|4|5[125])|7(?:1[3-9]|7[0-24-6]|9[2-7]))|2(?:1[35]|2[34]|3[3-5]);8[01]|9;82;800;800	X	Belarus	X	row	X	X	X	X	X	X	X	X	X
BZ	Belize	501	702	7		X	(\d{3})(\d{4});(\d)(\d{3})(\d{4})(\d{3})	$1-$2;$1-$2-$3-$4	[2-8];0	X	Belize	X	row	X	X	X	X	X	X	X	X	X
CA	Canada	1	302	10	0,1	X				X	Canada	X	row	X	X	X	X	X	X	X	X	X
CC	Kepulauan Cocos (Keeling)	61	999	9	0	X				X	Cocos (Keeling) Islands	X	row	X	X	X	X	X	X	X	X	X
CD	Congo-Kinshasa	243	630	9	0	X	(\d{2})(\d{2})(\d{3});(\d{2})(\d{5});(\d{2})(\d{3})(\d{4});(\d{3})(\d{3})(\d{3})	$1 $2 $3;$1 $2;$1 $2 $3;$1 $2 $3	88;[1-6];1;[89]	X	Congo - Kinshasa	X	row	X	X	X	X	X	X	X	X	X
CF	République centrafricaine	236	623	8	0	X	(\d{2})(\d{2})(\d{2})(\d{2})	$1 $2 $3 $4	[278]	X	Central African Republic	X	row	X	X	X	X	X	X	X	X	X
CG	Congo-Brazzaville	242	629	9		X	(\d{3})(\d{2})(\d{2})(\d{2});(\d)(\d{4})(\d{4});(\d{2})(\d{3})(\d{4})	$1 $2 $3 $4;$1 $2 $3;$1 $2 $3	801;8;[02]	X	Congo - Brazzaville	X	row	X	X	X	X	X	X	X	X	X
CH	Schweiz	41	228	9	0	X	(\d{3})(\d{3})(\d{3});(\d{2})(\d{3})(\d{2})(\d{2});(\d{3})(\d{2})(\d{3})(\d{2})(\d{2})	$1 $2 $3;$1 $2 $3 $4;$1 $2 $3 $4 $5	8[047]|90;[2-79]|81;8	X	Switzerland	X	eu	X	X	X	X	X	X	X	X	X
CI	Côte d’Ivoire	225	612	8,10		X	(\d{2})(\d{2})(\d{2})(\d{2})	$1 $2 $3 $4	[02-9]	X	Côte d’Ivoire	X	row	X	X	X	X	X	X	X	X	X
CK	Cook Islands	682	548	5	0	X	(\d{2})(\d{3})	$1 $2	[2-8]	X	Cook Islands	X	row	X	X	X	X	X	X	X	X	X
CL	Chile	56	730	9	0	X	(\d{4});(\d{2})(\d{3})(\d{4});(\d{5})(\d{4});(\d{2})(\d{3})(\d{4});(\d)(\d{4})(\d{4});(\d)(\d{4})(\d{4});(\d{2})(\d{3})(\d{4});(\d{3})(\d{3})(\d{3,4});(600)(\d{3})(\d{2})(\d{3});(1230)(\d{3})(\d{4});(\d{5})(\d{4});(\d{4,5})	$1;$1 $2 $3;$1 $2;$1 $2 $3;$1 $2 $3;$1 $2 $3;$1 $2 $3;$1 $2 $3;$1 $2 $3 $4;$1 $2 $3;$1 $2;$1	2[23];1(?:[03-589]|21)|[29]0|78;21;44;2[23];9[2-9];3[2-5]|[47]|5[1-3578]|6[13-57]|8(?:0[1-9]|[1-9]);60|8;60;1;219;[1-9]	X	Chile	X	row	X	X	X	X	X	X	X	X	X
CM	Cameroon	237	624	8,9	0	X	(\d{2})(\d{2})(\d{2})(\d{2});(\d)(\d{2})(\d{2})(\d{2})(\d{2})	$1 $2 $3 $4;$1 $2 $3 $4 $5	88;[26]	X	Cameroon	X	row	X	X	X	X	X	X	X	X	X
CN	中国	86	460	11	0	X	(\d{5,6});(\d{2})(\d{5,6});(\d{3})(\d{4});(\d{4})(\d{4});(\d{3})(\d{5,6});(\d{4})(\d{4});(\d{3})(\d{3})(\d{4});(\d{2})(\d{4})(\d{4});(\d{3})(\d{3})(\d{4});(\d{3})(\d{7,8});(\d{4})(\d{3})(\d{4});(\d{3})(\d{4})(\d{4});(\d{3})(\d{4})(\d{4});(\d{2})(\d{3})(\d{3})(\d{4})	$1;$1 $2;$1 $2;$1 $2;$1 $2;$1 $2;$1 $2 $3;$1 $2 $3;$1 $2 $3;$1 $2;$1 $2 $3;$1 $2 $3;$1 $2 $3;$1 $2 $3 $4	96;(?:10|2[0-57-9])[19]#(?:10|2[0-57-9])(?:10|9[56])#(?:10|2[0-57-9])(?:100|9[56]);[1-9]#1[1-9]|26|[3-9]|(?:10|2[0-57-9])(?:[0-8]|9[0-47-9])#1[1-9]|26|[3-9]|(?:10|2[0-57-9])(?:[02-8]|1(?:0[1-9]|[1-9])|9[0-47-9]);16[08];3(?:[157]|35|49|9[1-68])|4(?:[17]|2[179]|6[47-9]|8[23])|5(?:[1357]|2[37]|4[36]|6[1-46]|80)|6(?:3[1-5]|6[0238]|9[12])|7(?:01|[1579]|2[248]|3[014-9]|4[3-6]|6[023689])|8(?:1[236-8]|2[5-7]|[37]|8[36-8]|9[1-8])|9(?:0[1-3689]|1[1-79]|[379]|4[13]|5[1-5])|(?:4[35]|59|85)[1-9]#(?:3(?:[157]\d|35|49|9[1-68])|4(?:[17]\d|2[179]|[35][1-9]|6[47-9]|8[23])|5(?:[1357]\d|2[37]|4[36]|6[1-46]|80|9[1-9])|6(?:3[1-5]|6[0238]|9[12])|7(?:01|[1579]\d|2[248]|3[014-9]|4[3-6]|6[023689])|8(?:1[236-8]|2[5-7]|[37]\d|5[1-9]|8[36-8]|9[1-8])|9(?:0[1-3689]|1[1-79]|[379]\d|4[13]|5[1-5]))[19]#85[23](?:10|95)|(?:3(?:[157]\d|35|49|9[1-68])|4(?:[17]\d|2[179]|[35][1-9]|6[47-9]|8[23])|5(?:[1357]\d|2[37]|4[36]|6[1-46]|80|9[1-9])|6(?:3[1-5]|6[0238]|9[12])|7(?:01|[1579]\d|2[248]|3[014-9]|4[3-6]|6[023689])|8(?:1[236-8]|2[5-7]|[37]\d|5[14-9]|8[36-8]|9[1-8])|9(?:0[1-3689]|1[1-79]|[379]\d|4[13]|5[1-5]))(?:10|9[56])#85[23](?:100|95)|(?:3(?:[157]\d|35|49|9[1-68])|4(?:[17]\d|2[179]|[35][1-9]|6[47-9]|8[23])|5(?:[1357]\d|2[37]|4[36]|6[1-46]|80|9[1-9])|6(?:3[1-5]|6[0238]|9[12])|7(?:01|[1579]\d|2[248]|3[014-9]|4[3-6]|6[023689])|8(?:1[236-8]|2[5-7]|[37]\d|5[14-9]|8[36-8]|9[1-8])|9(?:0[1-3689]|1[1-79]|[379]\d|4[13]|5[1-5]))(?:100|9[56]);[1-9]#1[1-9]|26|[3-9]|(?:10|2[0-57-9])(?:[0-8]|9[0-47-9])#26|3(?:[0268]|9[079])|4(?:[049]|2[02-68]|[35]0|6[0-356]|8[014-9])|5(?:0|2[0-24-689]|4[0-2457-9]|6[057-9]|90)|6(?:[0-24578]|6[14-79]|9[03-9])|7(?:0[02-9]|2[0135-79]|3[23]|4[0-27-9]|6[1457]|8)|8(?:[046]|1[01459]|2[0-489]|50|8[0-2459]|9[09])|9(?:0[0457]|1[08]|[268]|4[024-9])|(?:34|85[23])[0-8]|(?:1|58)[1-9]|(?:63|95)[06-9]|(?:33|85[23]9)[0-46-9]|(?:10|2[0-57-9]|3(?:[157]\d|35|49|9[1-68])|4(?:[17]\d|2[179]|[35][1-9]|6[47-9]|8[23])|5(?:[1357]\d|2[37]|4[36]|6[1-46]|80|9[1-9])|6(?:3[1-5]|6[0238]|9[12])|7(?:01|[1579]\d|2[248]|3[014-9]|4[3-6]|6[023689])|8(?:1[236-8]|2[5-7]|[37]\d|5[14-9]|8[36-8]|9[1-8])|9(?:0[1-3689]|1[1-79]|[379]\d|4[13]|5[1-5]))(?:[0-8]|9[0-47-9])#26|3(?:[0268]|3[0-46-9]|4[0-8]|9[079])|4(?:[049]|2[02-68]|[35]0|6[0-356]|8[014-9])|5(?:0|2[0-24-689]|4[0-2457-9]|6[057-9]|90)|6(?:[0-24578]|3[06-9]|6[14-79]|9[03-9])|7(?:0[02-9]|2[0135-79]|3[23]|4[0-27-9]|6[1457]|8)|8(?:[046]|1[01459]|2[0-489]|5(?:0|[23](?:[02-8]|1[1-9]|9[0-46-9]))|8[0-2459]|9[09])|9(?:0[0457]|1[08]|[268]|4[024-9]|5[06-9])|(?:1|58|85[23]10)[1-9]|(?:10|2[0-57-9])(?:[0-8]|9[0-47-9])|(?:3(?:[157]\d|35|49|9[1-68])|4(?:[17]\d|2[179]|[35][1-9]|6[47-9]|8[23])|5(?:[1357]\d|2[37]|4[36]|6[1-46]|80|9[1-9])|6(?:3[1-5]|6[0238]|9[12])|7(?:01|[1579]\d|2[248]|3[014-9]|4[3-6]|6[023689])|8(?:1[236-8]|2[5-7]|[37]\d|5[14-9]|8[36-8]|9[1-8])|9(?:0[1-3689]|1[1-79]|[379]\d|4[13]|5[1-5]))(?:[02-8]|1(?:0[1-9]|[1-9])|9[0-47-9]);(?:4|80)0;10|2(?:[02-57-9]|1[1-9])#10|2(?:[02-57-9]|1[1-9])#10[0-79]|2(?:[02-57-9]|1[1-79])|(?:10|21)8(?:0[1-9]|[1-9]);3(?:[3-59]|7[02-68])|4(?:[26-8]|3[3-9]|5[2-9])|5(?:3[03-9]|[468]|7[028]|9[2-46-9])|6|7(?:[0-247]|3[04-9]|5[0-4689]|6[2368])|8(?:[1-358]|9[1-7])|9(?:[013479]|5[1-5])|(?:[34]1|55|79|87)[02-9];9;80;[3-578];1[3-9];[12]	X	China	X	row	X	X	X	X	X	X	X	X	X
CO	Colombia	57	732	10	0	X	(\d)(\d{7});(\d{3})(\d{7});(\d)(\d{3})(\d{7})	$1 $2;$1 $2;$1 $2 $3	1[2-79]|[25-8]|(?:18|4)[2-9];3;1(?:80|9)#1(?:800|9)	X	Colombia	X	row	X	X	X	X	X	X	X	X	X
CR	Costa Rica	506	712	8	0	X	(\d{4})(\d{4});(\d{3})(\d{3})(\d{4})	$1 $2;$1-$2-$3	[24-7]|8[3-9];[89]	X	Costa Rica	X	row	X	X	X	X	X	X	X	X	X
CU	Cuba	53	368	8	0	X	(\d{2})(\d{4,6});(\d)(\d{6,7});(\d)(\d{7})	$1 $2;$1 $2;$1 $2	2[1-4]|[34];7;5	X	Cuba	X	row	X	X	X	X	X	X	X	X	X
CV	Cabo Verde	238	625	7	0	X	(\d{3})(\d{2})(\d{2})	$1 $2 $3	[2-59]	X	Cape Verde	X	row	X	X	X	X	X	X	X	X	X
CW	Curaçao	599	362	7,8	0	X	(\d{3})(\d{4});(\d)(\d{3})(\d{4})	$1 $2;$1 $2 $3	[3467];9[4-8]	X	Curaçao	X	row	X	X	X	X	X	X	X	X	X
CX	Christmas Island	61	999	9	0	X				X	Christmas Island	X	row	X	X	X	X	X	X	X	X	X
CY	Κύπρος	357	280	8	0	X	(\d{2})(\d{6})	$1 $2	[257-9]	X	Cyprus	X	eu	X	X	X	X	X	X	X	X	X
CZ	Česko	420	230	9	0	X	(\d{3})(\d{3})(\d{3});(\d{2})(\d{3})(\d{3})(\d{3});(\d{3})(\d{3})(\d{3})(\d{3})	$1 $2 $3;$1 $2 $3 $4;$1 $2 $3 $4	[2-8]|9[015-7];9;9	X	Czechia	X	eu	X	X	X	X	X	X	X	X	X
DE	Deutschland	49	262	10,11	0	X	(\d{2})(\d{3,13});(\d{3})(\d{3,12});(\d{4})(\d{2,11});(\d{3})(\d{4});(\d{5})(\d{2,10});(\d{3})(\d{5,11});(\d{3})(\d)(\d{4,10});(\d{3})(\d{7,8});(\d{3})(\d{7,12});(\d{5})(\d{6});(\d{3})(\d{4})(\d{4});(\d{4})(\d{7});(\d{5})(\d{6});(\d{4})(\d{7});(\d{3})(\d{8});(\d{3})(\d{2})(\d{7,8});(\d{4})(\d{2})(\d{7});(\d{3})(\d{2})(\d{8})	$1 $2;$1 $2;$1 $2;$1 $2;$1 $2;$1 $2;$1 $2 $3;$1 $2;$1 $2;$1 $2;$1 $2 $3;$1 $2;$1 $2;$1 $2;$1 $2;$1 $2 $3;$1 $2 $3;$1 $2 $3	3[02]|40|[68]9;2(?:0[1-389]|1[124]|2[18]|3[14])|3(?:[35-9][15]|4[015])|906|(?:2[4-9]|4[2-9]|[579][1-9]|[68][1-8])1#2(?:0[1-389]|12[0-8])|3(?:[35-9][15]|4[015])|906|2(?:[13][14]|2[18])|(?:2[4-9]|4[2-9]|[579][1-9]|[68][1-8])1;[24-6]|3(?:[3569][02-46-9]|4[2-4679]|7[2-467]|8[2-46-8])|70[2-8]|8(?:0[2-9]|[1-8])|90[7-9]|[79][1-9]#[24-6]|3(?:3(?:0[1-467]|2[127-9]|3[124578]|7[1257-9]|8[1256]|9[145])|4(?:2[135]|4[13578]|9[1346])|5(?:0[14]|2[1-3589]|6[1-4]|7[13468]|8[13568])|6(?:2[1-489]|3[124-6]|6[13]|7[12579]|8[1-356]|9[135])|7(?:2[1-7]|4[145]|6[1-5]|7[1-4])|8(?:21|3[1468]|6|7[1467]|8[136])|9(?:0[12479]|2[1358]|4[134679]|6[1-9]|7[136]|8[147]|9[1468]))|70[2-8]|8(?:0[2-9]|[1-8])|90[7-9]|[79][1-9]|3[68]4[1347]|3(?:47|60)[1356]|3(?:3[46]|46|5[49])[1246]|3[4579]3[1357];138;3;181;1(?:3|80)|9;1[67];8;185#1850#18500;7;18[68];15[0568];15[1279];18;1(?:6[023]|7);15[279];15	X	Germany	X	eu	X	X	X	X	X	X	X	X	X
DJ	Djibouti	253	638	8	0	X	(\d{2})(\d{2})(\d{2})(\d{2})	$1 $2 $3 $4	[27]	X	Djibouti	X	row	X	X	X	X	X	X	X	X	X
DK	Danmark	45	238	8	0	X	(\d{2})(\d{2})(\d{2})(\d{2})	$1 $2 $3 $4	[2-9]	X	Denmark	X	eu	X	X	X	X	X	X	X	X	X
DM	Dominica	1	366	10	0,1	X				X	Dominica	X	row	X	X	X	X	X	X	X	X	X
DO	República Dominicana	1	370	10	0,1	X				X	Dominican Republic	X	row	X	X	X	X	X	X	X	X	X
DZ	الجزائر	213	603	9	0	X	(\d{2})(\d{2})(\d{2})(\d{2});(\d{2})(\d{3})(\d{2})(\d{2});(\d{3})(\d{2})(\d{2})(\d{2})	$1 $2 $3 $4;$1 $2 $3 $4;$1 $2 $3 $4	[1-4];9;[5-8]	X	Algeria	X	row	X	X	X	X	X	X	X	X	X
EC	Ecuador	593	740	9	0	X	(\d{3})(\d{4});(\d)(\d{3})(\d{4});(\d{2})(\d{3})(\d{4});(\d{4})(\d{3})(\d{3,4})	$1-$2;$1-$2-$3;$1 $2 $3;$1 $2 $3	[2-7];[2-7];9;1	X	Ecuador	X	row	X	X	X	X	X	X	X	X	X
EE	Eesti	372	248	7,8	0	X	(\d{3})(\d{4});(\d{4})(\d{3,4});(\d{2})(\d{2})(\d{4});(\d{4})(\d{3})(\d{3})	$1 $2;$1 $2;$1 $2 $3;$1 $2 $3	[369]|4[3-8]|5(?:[0-2]|5[0-478]|6[45])|7[1-9]#[369]|4[3-8]|5(?:[02]|1(?:[0-8]|95)|5[0-478]|6(?:4[0-4]|5[1-589]))|7[1-9];[45]|8(?:00|[1-4])#[45]|8(?:00[1-9]|[1-4]);7;80	X	Estonia	X	eu	X	X	X	X	X	X	X	X	X
EG	مصر	20	602	10	0	X	(\d)(\d{7,8});(\d{2})(\d{6,7})	$1 $2;$1 $2	[23];1[35]|[4-6]|8[2468]|9[235-7]	X	Egypt	X	row	X	X	X	X	X	X	X	X	X
ER	إريتريا	291	657	7	0	X	(\d)(\d{3})(\d{3})	$1 $2 $3	[178]	X	Eritrea	X	row	X	X	X	X	X	X	X	X	X
ES	España	34	214	9	0	X	(\d{4});(\d{6});(\d{3})(\d{3})(\d{3});(\d{3})(\d{2})(\d{2})(\d{2})	$1;$1;$1 $2 $3;$1 $2 $3 $4	905;[79]9;[89]00;[5-9]	X	Spain	X	eu	X	X	X	X	X	X	X	X	X
ET	ኢትዮጵያ	251	636	9	0	X	(\d{2})(\d{3})(\d{4})	$1 $2 $3	[1-59]	X	Ethiopia	X	row	X	X	X	X	X	X	X	X	X
FI	Suomi	358	244	6,7,8,9,10,11	0	X	(\d{5});(\d)(\d{4,9});(\d{6});(\d{3})(\d{3,7});(\d{2})(\d{4,8})	$1;$1 $2;$1;$1 $2;$1 $2	75[12];[2568][1-8]|3(?:0[1-9]|[1-9])|9;11;(?:[12]0|7)0|[368];[12457]	X	Finland	X	eu	X	X	X	X	X	X	X	X	X
FJ	Fiji	679	542	7		X	(\d{3})(\d{4});(\d{4})(\d{3})(\d{4})	$1 $2;$1 $2 $3	[235-9]|45;0	X	Fiji	X	row	X	X	X	X	X	X	X	X	X
FK	Falkland Islands	500	750	5	0	X				X	Falkland Islands	X	row	X	X	X	X	X	X	X	X	X
FM	Micronesia	691	550	7	0	X	(\d{3})(\d{4})	$1 $2	[39]	X	Micronesia	X	row	X	X	X	X	X	X	X	X	X
FO	Føroyar	298	288	6	0	X	(\d{6})	$1	[2-9]	X	Faroe Islands	X	row	X	X	X	X	X	X	X	X	X
FR	France	33	208	9	0	X	(\d{4});(\d{3})(\d{3});(\d{3})(\d{2})(\d{2})(\d{2});(\d)(\d{2})(\d{2})(\d{2})(\d{2})	$1;$1 $2;$1 $2 $3 $4;$1 $2 $3 $4 $5	10;1;8;[1-79]	X	France	X	eu	X	X	X	X	X	X	X	X	X
GA	Gabon	241	628	8		X	(\d)(\d{2})(\d{2})(\d{2});(\d{2})(\d{2})(\d{2})(\d{2})	$1 $2 $3 $4;$1 $2 $3 $4	[2-7];0	X	Gabon	X	row	X	X	X	X	X	X	X	X	X
GB	United Kingdom	44	234,235	10	0	X	(\d{3})(\d{4});(\d{3})(\d{2})(\d{2});(\d{3})(\d{6});(\d{5})(\d{4,5});(\d{4})(\d{5,6});(\d{2})(\d{4})(\d{4});(\d{4})(\d{6});(\d{3})(\d{3})(\d{4})	$1 $2;$1 $2 $3;$1 $2;$1 $2;$1 $2;$1 $2 $3;$1 $2;$1 $2 $3	800#8001#80011#800111#8001111;845#8454#84546#845464;800;1(?:38|5[23]|69|76|94)#1(?:(?:38|69)7|5(?:24|39)|768|946)#1(?:3873|5(?:242|39[4-6])|(?:697|768)[347]|9467);1(?:[2-69][02-9]|[78]);[25]|7(?:0|6[024-9])#[25]|7(?:0|6(?:[04-9]|2[356]));7;[1389]	X	United Kingdom	X	eu	X	X	X	X	X	X	X	X	X
GD	Grenada	1	352	10	0,1	X				X	Grenada	X	row	X	X	X	X	X	X	X	X	X
GE	საქართველო	995	282	9	0	X	(\d{3})(\d{3})(\d{3});(\d{2})(\d{3})(\d{2})(\d{2});(\d{3})(\d{2})(\d{2})(\d{2});(\d{3})(\d{2})(\d{2})(\d{2})	$1 $2 $3;$1 $2 $3 $4;$1 $2 $3 $4;$1 $2 $3 $4	70;32;[57];[348]	X	Georgia	X	row	X	X	X	X	X	X	X	X	X
GF	Guyane française	594	742	9	0	X	(\d{3})(\d{2})(\d{2})(\d{2})	$1 $2 $3 $4	[56]	X	French Guiana	X	eu	X	X	X	X	X	X	X	X	X
GG	Guernsey	44	234,235	10	0	X				X	Guernsey	X	eu	X	X	X	X	X	X	X	X	X
GH	Ghana	233	620	9	0	X	(\d{3})(\d{4});(\d{3})(\d{5});(\d{2})(\d{3})(\d{4})	$1 $2;$1 $2;$1 $2 $3	[237]|80;8;[235]	X	Ghana	X	row	X	X	X	X	X	X	X	X	X
GI	Gibraltar	350	266	8	0	X	(\d{3})(\d{5})	$1 $2	2	X	Gibraltar	X	row	X	X	X	X	X	X	X	X	X
GL	Kalaallit Nunaat	299	290	6	0	X	(\d{2})(\d{2})(\d{2})	$1 $2 $3	N/A	X	Greenland	X	row	X	X	X	X	X	X	X	X	X
GM	Gambia	220	607	7	0	X	(\d{3})(\d{4})	$1 $2	[2-9]	X	Gambia	X	row	X	X	X	X	X	X	X	X	X
GN	Guinée	224	611	9	0	X	(\d{2})(\d{2})(\d{2})(\d{2});(\d{3})(\d{2})(\d{2})(\d{2})	$1 $2 $3 $4;$1 $2 $3 $4	3;[67]	X	Guinea	X	row	X	X	X	X	X	X	X	X	X
GP	Guadeloupe	590	340	9	0	X	([56]90)(\d{2})(\d{4})	$1 $2-$3	N/A	X	Guadeloupe	X	eu	X	X	X	X	X	X	X	X	X
GQ	Guinea Ecuatorial	240	627	9	0	X	(\d{3})(\d{3})(\d{3});(\d{3})(\d{6})	$1 $2 $3;$1 $2	[235];[89]	X	Equatorial Guinea	X	row	X	X	X	X	X	X	X	X	X
GR	Ελλάδα	30	202	10	0	X	(\d{2})(\d{4})(\d{4});(\d{4})(\d{6});(\d{3})(\d{3})(\d{4})	$1 $2 $3;$1 $2;$1 $2 $3	21|7;2(?:2|3[2-57-9]|4[2-469]|5[2-59]|6[2-9]|7[2-69]|8[2-49]);[2689]	X	Greece	X	eu	X	X	X	X	X	X	X	X	X
GT	Guatemala	502	704	8	0	X	(\d{4})(\d{4});(\d{4})(\d{3})(\d{4})	$1 $2;$1 $2 $3	[2-7];1	X	Guatemala	X	row	X	X	X	X	X	X	X	X	X
GU	Guam	1	535	10	0,1	X				X	Guam	X	row	X	X	X	X	X	X	X	X	X
GW	Guiné-Bissau	245	632	7,9	0	X	(\d{3})(\d{4});(\d{3})(\d{3})(\d{3})	$1 $2;$1 $2 $3	40;[49]	X	Guinea-Bissau	X	row	X	X	X	X	X	X	X	X	X
GY	Guyana	592	738	7	0	X	(\d{3})(\d{4})	$1 $2	[2-46-9]	X	Guyana	X	row	X	X	X	X	X	X	X	X	X
HK	中國香港特別行政區	852	454	8	0	X	(\d{3})(\d{2,5});(\d{4})(\d{4});(\d{3})(\d{3})(\d{3});(\d{3})(\d{2})(\d{3})(\d{3})	$1 $2;$1 $2;$1 $2 $3;$1 $2 $3 $4	900#9003;[2-7]|8[1-4]|9(?:0[1-9]|[1-8]);8;9	X	Hong Kong SAR China	X	row	X	X	X	X	X	X	X	X	X
HN	Honduras	504	708	8	0	X	(\d{4})(\d{4})	$1-$2	[237-9]	X	Honduras	X	row	X	X	X	X	X	X	X	X	X
HR	Hrvatska	385	219	8,9	0	X	(\d{2})(\d{2})(\d{2,3});(\d{3})(\d{2})(\d{2,3});(\d)(\d{4})(\d{3});(\d{2})(\d{3})(\d{3,4});(\d{2})(\d{3})(\d{3,4});(\d{2})(\d{3})(\d{3,4});(\d{3})(\d{3})(\d{3})	$1 $2 $3;$1 $2 $3;$1 $2 $3;$1 $2 $3;$1 $2 $3;$1 $2 $3;$1 $2 $3	6[01];8;1;[67];9;[2-5];8	X	Croatia	X	eu	X	X	X	X	X	X	X	X	X
HT	Haïti	509	372	8	0	X	(\d{2})(\d{2})(\d{4})	$1 $2 $3	[2-489]	X	Haiti	X	row	X	X	X	X	X	X	X	X	X
HU	Magyarország	36	216	9	0,06	X	(\d)(\d{3})(\d{4});(\d{2})(\d{3})(\d{3,4})	$1 $2 $3;$1 $2 $3	1;[2-9]	X	Hungary	X	eu	X	X	X	X	X	X	X	X	X
ID	Indonesia	62	510	9,10,11,12	0	X	(\d)(\d{3})(\d{3});(\d{2})(\d{5,9});(\d{3})(\d{5,7});(\d{3})(\d{5,8});(\d{3})(\d{3,4})(\d{3});(\d{3})(\d{6,8});(\d{3})(\d{3})(\d{4});(\d{3})(\d)(\d{3})(\d{3});(\d{3})(\d{4})(\d{4,5});(\d{2})(\d{4})(\d{3})(\d{4})	$1 $2 $3;$1 $2;$1 $2;$1 $2;$1-$2-$3;$1 $2;$1 $2 $3;$1 $2 $3 $4;$1-$2-$3;$1 $2 $3 $4	15;2[124]|[36]1;800;[2-79];8[1-35-9];1;804;80;8;0	X	Indonesia	X	row	X	X	X	X	X	X	X	X	X
IE	Ireland	353	272	9	0	X	(\d{2})(\d{5});(\d{3})(\d{5});(\d)(\d{3,4})(\d{4});(\d{2})(\d{3})(\d{3,4});(\d{3})(\d{3})(\d{3});(\d{3})(\d{3})(\d{3});(\d{2})(\d{3})(\d{4});(\d{4})(\d{3})(\d{3});(\d{2})(\d)(\d{3})(\d{4});(\d{2})(\d{4})(\d{4})	$1 $2;$1 $2;$1 $2 $3;$1 $2 $3;$1 $2 $3;$1 $2 $3;$1 $2 $3;$1 $2 $3;$1 $2 $3 $4;$1 $2 $3	2[24-9]|47|58|6[237-9]|9[35-9];[45]0;1;[2569]|4[1-69]|7[14];70;81;[78];1;8;4	X	Ireland	X	eu	X	X	X	X	X	X	X	X	X
IL	ישראל	972	425	9	0	X	(\d{4})(\d{3});(\d{4})(\d{2})(\d{2});(\d)(\d{3})(\d{4});(\d{2})(\d{3})(\d{4});(\d{4})(\d{3})(\d{3});(\d{4})(\d{6});(\d)(\d{3})(\d{3})(\d{3});(\d{3})(\d{1,2})(\d{3})(\d{4})	$1-$2;$1-$2-$3;$1-$2-$3;$1-$2-$3;$1-$2-$3;$1-$2;$1-$2-$3-$4;$1-$2 $3-$4	125;121;[2-489];[57];12;159;1[7-9];15	X	Israel	X	row	X	X	X	X	X	X	X	X	X
IM	Isle of Man	44	234,235	10	0	X				X	Isle of Man	X	eu	X	X	X	X	X	X	X	X	X
IN	India	91	404,405	10	0	X	(\d{7});(\d{8});(\d{4})(\d{4,5});(\d{3})(\d{3})(\d{4});(\d{2})(\d{4})(\d{4});(\d{3})(\d{3})(\d{4});(\d{4})(\d{3})(\d{3});(\d{5})(\d{5});(\d{4})(\d{2,4})(\d{4});(\d{2})(\d{3})(\d{4})(\d{3});(\d{4})(\d{3})(\d{3})(\d{3})	$1;$1;$1 $2;$1 $2 $3;$1 $2 $3;$1 $2 $3;$1 $2 $3;$1 $2;$1 $2 $3;$1 $2 $3 $4;$1 $2 $3 $4	575;5(?:0|2[23]|3[03]|[67]1|88)#5(?:0|2(?:21|3)|3(?:0|3[23])|616|717|888)#5(?:0|2(?:21|3)|3(?:0|3[23])|616|717|8888);180#1800;140;11|2[02]|33|4[04]|79[1-7]|80[2-46]#11|2[02]|33|4[04]|79(?:[1-6]|7[19])|80(?:[2-4]|6[0-589])#11|2[02]|33|4[04]|79(?:[124-6]|3(?:[02-9]|1[0-24-9])|7(?:1|9[1-6]))|80(?:[2-4]|6[0-589]);1(?:2[0-249]|3[0-25]|4[145]|[68]|7[1257])|2(?:1[257]|3[013]|4[01]|5[0137]|6[0158]|78|8[1568])|3(?:26|4[1-3]|5[34]|6[01489]|7[02-46]|8[159])|4(?:1[36]|2[1-47]|5[12]|6[0-26-9]|7[0-24-9]|8[013-57]|9[014-7])|5(?:1[025]|22|[36][25]|4[28]|5[12]|[78]1)|6(?:12|[2-4]1|5[17]|6[13]|80)|7(?:12|3[134]|4[47]|61|88)|8(?:16|2[014]|3[126]|6[136]|7[078]|8[34]|91)|(?:43|59|75)[15]|(?:1[59]|29|67|72)[14]#1(?:2[0-24]|3[0-25]|4[145]|[59][14]|6[1-9]|7[1257]|8[1-57-9])|2(?:1[257]|3[013]|4[01]|5[0137]|6[058]|78|8[1568]|9[14])|3(?:26|4[1-3]|5[34]|6[01489]|7[02-46]|8[159])|4(?:1[36]|2[1-47]|3[15]|5[12]|6[0-26-9]|7[0-24-9]|8[013-57]|9[014-7])|5(?:1[025]|22|[36][25]|4[28]|[578]1|9[15])|6(?:[2-4]1|5[17]|6[13]|7[14]|80)|7(?:12|(?:2[14]|3[34]|5[15])[2-6]|61[346]|88[0-8])|8(?:70[2-6]|84[235-7]|91[3-7])|(?:1(?:29|60|8[06])|261|(?:55|61)2|7(?:31|4[47])|8(?:16|2[014]|3[126]|6[136]|7[78]|83))[2-7]#1(?:2[0-24]|3[0-25]|4[145]|[59][14]|6[1-9]|7[1257]|8[1-57-9])|2(?:1[257]|3[013]|4[01]|5[0137]|6[058]|78|8[1568]|9[14])|3(?:26|4[1-3]|5[34]|6[01489]|7[02-46]|8[159])|4(?:1[36]|2[1-47]|3[15]|5[12]|6[0-26-9]|7[0-24-9]|8[013-57]|9[014-7])|5(?:1[025]|22|[36][25]|4[28]|[578]1|9[15])|6(?:12(?:[2-6]|7[0-8])|[2-4]1|5[17]|6[13]|7[14]|80)|7(?:12|(?:2[14]|5[15])[2-6]|3171|61[346]|88(?:[2-7]|82))|8(?:70[2-6]|84(?:[2356]|7[19])|91(?:[3-6]|7[19]))|73[134][2-6]|(?:1(?:29|60|8[06])|261|552|788[01])[2-7]|(?:74[47]|8(?:16|2[014]|3[126]|6[136]|7[78]|83))(?:[2-6]|7[19]);1(?:[2-479]|5[0235-9])|[2-5]|6(?:1[1358]|2[2457-9]|3[2-5]|[4-8])|7(?:1[013-9]|28|3[129]|4[1-35689]|5[29]|6[02-5]|70)|807#1(?:[2-479]|5[0235-9])|[2-5]|6(?:1[1358]|2(?:[2457]|84|95)|3(?:[2-4]|55)|[4-8])|7(?:1(?:[013-8]|9[6-9])|28[6-8]|3(?:17|2[0-49]|9[2-57])|4(?:1[2-4]|[29][0-7]|3[0-8]|[56]|8[0-24-7])|5(?:2[1-3]|9[0-6])|6(?:0[5689]|2[5-9]|3[02-8]|4|5[0-367])|70[13-7])|807[19]#1(?:[2-479]|5(?:[0236-9]|5[013-9]))|[2-5]|6(?:1[1358]|2(?:[2457]|84|95)|3(?:[2-4]|55)|[4-8])|7(?:1(?:[013-8]|9[6-9])|3179)|807(?:1|9[1-3])|(?:1552|7(?:28[6-8]|3(?:2[0-49]|9[2-57])|4(?:1[2-4]|[29][0-7]|3[0-8]|[56]\d|8[0-24-7])|5(?:2[1-3]|9[0-6])|6(?:0[5689]|2[5-9]|3[02-8]|4\d|5[0-367])|70[13-7]))[2-7];[6-9];1(?:6|8[06])#1(?:6|8[06]0);0;18	X	India	X	row	X	X	X	X	X	X	X	X	X
IO	British Indian Ocean Territory	246	999	7	0	X	(\d{3})(\d{4})	$1 $2	3	X	British Indian Ocean Territory	X	row	X	X	X	X	X	X	X	X	X
IQ	العراق	964	418	8,10	0	X	(\d)(\d{3})(\d{4});(\d{2})(\d{3})(\d{3,4});(\d{3})(\d{3})(\d{4})	$1 $2 $3;$1 $2 $3;$1 $2 $3	1;[2-6];7	X	Iraq	X	row	X	X	X	X	X	X	X	X	X
IR	ایران	98	432	10	0	X	(\d{4,5});(\d{2})(\d{4,5});(\d{3})(\d{3})(\d{3,4});(\d{2})(\d{4})(\d{4})	$1;$1 $2;$1 $2 $3;$1 $2 $3	96;(?:1[137]|2[13-68]|3[1458]|4[145]|5[1468]|6[16]|7[1467]|8[13467])[12689];9;[1-8]	X	Iran	X	row	X	X	X	X	X	X	X	X	X
IS	Ísland	354	274	7,9	0	X	(\d{3})(\d{4});(\d{3})(\d{3})(\d{3})	$1 $2;$1 $2 $3	[4-9];3	X	Iceland	X	eu	X	X	X	X	X	X	X	X	X
IT	Italia	39	222	9,10,11		X	(\d{4,5});(\d{6});(\d{2})(\d{4,6});(\d{3})(\d{3,6});(\d{4})(\d{2,6});(\d{4})(\d{4});(\d{2})(\d{3,4})(\d{4});(\d{3})(\d{3})(\d{3,4});(\d{3})(\d{3,4})(\d{4});(\d{2})(\d{4})(\d{5});(\d{4})(\d{3})(\d{4});(\d{3})(\d{4})(\d{4,5})	$1;$1;$1 $2;$1 $2;$1 $2;$1 $2;$1 $2 $3;$1 $2 $3;$1 $2 $3;$1 $2 $3;$1 $2 $3;$1 $2 $3	1(?:0|9[246])#1(?:0|9(?:2[2-9]|[46]));1(?:1|92);0[26];0[13-57-9][0159]|8(?:03|4[17]|9[245])#0[13-57-9][0159]|8(?:03|4[17]|9(?:2|[45][0-4]));0(?:[13-579][2-46-8]|8[236-8]);894;0[26]|5;1[4679]|[38];0[13-57-9][0159];0[26];0;3	X	Italy	X	eu	X	X	X	X	X	X	X	X	X
JE	Jersey	44	234,235	10	0	X				X	Jersey	X	eu	X	X	X	X	X	X	X	X	X
JM	Jamaica	1	338	10	0,1	X				X	Jamaica	X	row	X	X	X	X	X	X	X	X	X
JO	الأردن	962	416	9	0	X	(\d)(\d{3})(\d{4});(\d{3})(\d{5,6});(\d{2})(\d{7});(\d)(\d{4})(\d{4})	$1 $2 $3;$1 $2;$1 $2;$1 $2 $3	[2356]|87;[89];70;7	X	Jordan	X	row	X	X	X	X	X	X	X	X	X
JP	日本	81	440,441	10	0	X	(\d{4})(\d{4});(\d{3})(\d{3})(\d{3});(\d{4})(\d)(\d{4});(\d{2})(\d{3})(\d{4});(\d)(\d{4})(\d{4});(\d{2})(\d{3})(\d{4});(\d{3})(\d{2})(\d{4});(\d{4})(\d{2})(\d{3,4});(\d{4})(\d{2})(\d{4});(\d{3})(\d{3})(\d{4});(\d{2})(\d{4})(\d{4});(\d{4})(\d{3})(\d{3,4});(\d{4})(\d{4})(\d{4,5});(\d{4})(\d{5})(\d{5,6});(\d{4})(\d{6})(\d{6,7})	$1-$2;$1-$2-$3;$1-$2-$3;$1-$2-$3;$1-$2-$3;$1-$2-$3;$1-$2-$3;$1-$2-$3;$1-$2-$3;$1-$2-$3;$1-$2-$3;$1-$2-$3;$1-$2-$3;$1-$2-$3;$1-$2-$3	007#0077#00777#00777[01];(?:12|57|99)0;1(?:26|3[79]|4[56]|5[4-68]|6[3-5])|499|5(?:76|97)|746|8(?:3[89]|47|51|63)|9(?:49|80|9[16])#1(?:267|3(?:7[247]|9[278])|466|5(?:47|58|64)|6(?:3[245]|48|5[4-68]))|499[2468]|5(?:76|97)9|7468|8(?:3(?:8[78]|96)|477|51[24]|636)|9(?:496|802|9(?:1[23]|69))|1(?:45|58)[67]#1(?:267|3(?:7[247]|9[278])|466|5(?:47|58|64)|6(?:3[245]|48|5[4-68]))|499[2468]|5(?:769|979[2-69])|7468|8(?:3(?:8[78]|96[2457-9])|477|51[24]|636[2-57-9])|9(?:496|802|9(?:1[23]|69))|1(?:45|58)[67];60;[36]|4(?:2[09]|7[01])#[36]|4(?:2(?:0|9[02-69])|7(?:0[019]|1));1(?:1|5[45]|77|88|9[69])|2(?:2[1-37]|3[0-269]|4[59]|5|6[24]|7[1-358]|8[1369]|9[0-38])|4(?:[28][1-9]|3[0-57]|[45]|6[248]|7[2-579]|9[29])|5(?:2|3[045]|4[0-369]|5[29]|8[02389]|9[0-389])|7(?:2[02-46-9]|34|[58]|6[0249]|7[57]|9[2-6])|8(?:2[124589]|3[279]|49|6[0-24-689]|7[0-468]|8[68]|9[019])|9(?:[23][1-9]|4[15]|5[138]|6[1-3]|7[156]|8[189]|9[1-489])#1(?:1|5(?:4[018]|5[017])|77|88|9[69])|2(?:2(?:[127]|3[014-9])|3[0-269]|4[59]|5(?:[0468][01]|[1-3]|5[0-69]|9[19])|62|7(?:[1-35]|8[0189])|8(?:[16]|3[0134]|9[0-5])|9(?:[028]|17))|4(?:2(?:[13-79]|2[01]|8[014-6])|3[0-57]|[45]|6[248]|7[2-47]|8[1-9])|5(?:2|3[045]|4[0-369]|8[02389]|9[0-3])|7(?:2[02-46-9]|34|[58]|6[0249]|7[57]|9(?:[23]|4[0-59]|5[01569]|6[0167]))|8(?:2(?:[1258]|4[0-39]|9[0-2469])|49|6(?:[0-24]|5[0-3589]|9[01459])|7[0-468]|8[68])|9(?:[23][1-9]|4[15]|5[138]|6[1-3]|7[156]|8[189]|9(?:[1289]|3[34]|4[0178]))|(?:49|55|83)[29]|(?:264|837)[016-9]|2(?:57|93)[015-9]|(?:47[59]|59[89]|8(?:6[68]|9))[019]#1(?:1|5(?:4[018]|5[017])|77|88|9[69])|2(?:2[127]|3[0-269]|4[59]|5(?:[0468][01]|[1-3]|5[0-69]|9(?:17|99))|6(?:2|4[016-9])|7(?:[1-35]|8[0189])|8(?:[16]|3[0134]|9[0-5])|9(?:[028]|17))|4(?:2(?:[13-79]|2[01]|8[014-6])|3[0-57]|[45]|6[248]|7[2-47]|9[29])|5(?:2|3[045]|4[0-369]|5[29]|8[02389]|9[0-3])|7(?:2[02-46-9]|34|[58]|6[0249]|7[57]|9(?:[23]|4[0-59]|5[01569]|6[0167]))|8(?:2(?:[1258]|4[0-39]|9[0169])|3(?:[29]|7(?:[017-9]|6[6-8]))|49|6(?:[0-24]|5(?:[0-389]|5[23])|6(?:[01]|9[178])|9[0145])|7[0-468]|8[68])|9(?:4[15]|5[138]|7[156]|8[189]|9(?:[1289]|3(?:31|4[357])|4[0178]))|(?:8294|96)[1-3]|2(?:57|93)[015-9]|(?:223|8699)[014-9]|(?:48|8292|9[23])[1-9]|(?:47[59]|59[89]|8(?:68|9))[019]#1(?:1|5(?:4[018]|5[017])|77|88|9[69])|2(?:2[127]|3[0-269]|4[59]|5(?:[0468][01]|[1-3]|5[0-69]|7[015-9]|9(?:17|99))|6(?:2|4[016-9])|7(?:[1-35]|8[0189])|8(?:[16]|3[0134]|9[0-5])|9(?:[028]|17|3[015-9]))|4(?:2(?:[13-79]|2[01]|8[014-6])|3[0-57]|[45]|6[248]|7[2-47]|9[29])|5(?:2|3[045]|4[0-369]|5[29]|8[02389]|9[0-3])|7(?:2[02-46-9]|34|[58]|6[0249]|7[57]|9(?:[23]|4[0-59]|5[01569]|6[0167]))|8(?:2(?:[1258]|4[0-39]|9(?:[019]|4[1-3]|6(?:[0-47-9]|5[01346-9])))|3(?:[29]|7(?:[017-9]|6[6-8]))|49|6(?:[0-24]|5(?:[0-389]|5[23])|6(?:[01]|9[178])|9[0145])|7[0-468]|8[68])|9(?:4[15]|5[138]|6[1-3]|7[156]|8[189]|9(?:[1289]|3(?:31|4[357])|4[0178]))|(?:223|8699)[014-9]|(?:48|829(?:2|66)|9[23])[1-9]|(?:47[59]|59[89]|8(?:68|9))[019];[14]|[29][2-9]|5[3-9]|7[2-4679]|8(?:[246-9]|3[3-8]|5[2-9])#[14]|[29][2-9]|5[3-9]|7[2-4679]|8(?:[246-9]|3(?:[3-6][2-9]|7|8[2-5])|5[2-9]);007;008;800;[2579]|80;0;0;0;0	X	Japan	X	row	X	X	X	X	X	X	X	X	X
KE	Kenya	254	639	9	0	X	(\d{2})(\d{5,7});(\d{3})(\d{6});(\d{3})(\d{3})(\d{3,4})	$1 $2;$1 $2;$1 $2 $3	[24-6];[17];[89]	X	Kenya	X	row	X	X	X	X	X	X	X	X	X
KG	Кыргызстан	996	437	9	0	X	(\d{4})(\d{5});(\d{3})(\d{3})(\d{3});(\d{3})(\d{3})(\d)(\d{2,3})	$1 $2;$1 $2 $3;$1 $2 $3 $4	3(?:1[346]|[24-79]);[235-79];8	X	Kyrgyzstan	X	row	X	X	X	X	X	X	X	X	X
KH	កម្ពុជា	855	456	8,9	0	X	(\d{2})(\d{3})(\d{3,4});(\d{4})(\d{3})(\d{3})	$1 $2 $3;$1 $2 $3	[1-9];1	X	Cambodia	X	row	X	X	X	X	X	X	X	X	X
KI	Kiribati	686	545	8	0	X				X	Kiribati	X	row	X	X	X	X	X	X	X	X	X
KM	جزر القمر	269	654	7	0	X	(\d{3})(\d{2})(\d{2})	$1 $2 $3	[3478]	X	Comoros	X	row	X	X	X	X	X	X	X	X	X
KN	St. Kitts & Nevis	1	356	10	0,1	X				X	St. Kitts & Nevis	X	row	X	X	X	X	X	X	X	X	X
KP	조선민주주의인민공화국	850	467	10	0	X	(\d{2})(\d{3})(\d{3});(\d)(\d{3})(\d{4});(\d{3})(\d{3})(\d{4})	$1 $2 $3;$1 $2 $3;$1 $2 $3	8;2;1	X	North Korea	X	row	X	X	X	X	X	X	X	X	X
KR	대한민국	82	450	9,10	0	X	(\d{5});(\d{2})(\d{3,4});(\d{4})(\d{4});(\d)(\d{3,4})(\d{4});(\d{2})(\d{3})(\d{4});(\d{2})(\d{3,4})(\d{4});(\d{2})(\d{4})(\d{4});(\d{5})(\d{3})(\d{3});(\d{2})(\d{5})(\d{4});(\d{5})(\d{3,4})(\d{4});(\d{5})(\d{2})(\d{3})(\d{4})	$1;$1-$2;$1-$2;$1-$2-$3;$1-$2-$3;$1-$2-$3;$1-$2-$3;$1 $2 $3;$1-$2-$3;$1 $2 $3;$1 $2 $3 $4	1[016-9]1#1[016-9]11#1[016-9]114;(?:3[1-3]|[46][1-4]|5[1-5])1;1;2;60|8;[1346]|5[1-5];[57];003#0030;5;0;0	X	South Korea	X	row	X	X	X	X	X	X	X	X	X
KW	الكويت	965	419	8	0	X	(\d{4})(\d{3,4});(\d{3})(\d{5})	$1 $2;$1 $2	[169]|2(?:[235]|4[1-35-9])|52;[25]	X	Kuwait	X	row	X	X	X	X	X	X	X	X	X
KY	Cayman Islands	1	346	10	0,1	X				X	Cayman Islands	X	row	X	X	X	X	X	X	X	X	X
KZ	Қазақстан	7	401	10	0,8	X				X	Kazakhstan	X	row	X	X	X	X	X	X	X	X	X
LA	ລາວ	856	457	10	0	X	(\d{2})(\d{3})(\d{3});(\d{2})(\d{2})(\d{2})(\d{3});(\d{2})(\d{2})(\d{3})(\d{3})	$1 $2 $3;$1 $2 $3 $4;$1 $2 $3 $4	2[13]|3[14]|[4-8];3;2	X	Laos	X	row	X	X	X	X	X	X	X	X	X
LB	لبنان	961	415	7,8	0	X	(\d)(\d{3})(\d{3});(\d{2})(\d{3})(\d{3})	$1 $2 $3;$1 $2 $3	[13-69]|7(?:[2-57]|62|8[0-7]|9[04-9])|8[02-9];[7-9]	X	Lebanon	X	row	X	X	X	X	X	X	X	X	X
LC	St. Lucia	1	358	10	0,1	X				X	St. Lucia	X	row	X	X	X	X	X	X	X	X	X
LI	Liechtenstein	423	295	7,9	0	X	(\d{3})(\d{2})(\d{2});(\d{2})(\d{3})(\d{4});(\d{3})(\d{3})(\d{3})	$1 $2 $3;$1 $2 $3;$1 $2 $3	[237-9];69;6	X	Liechtenstein	X	eu	X	X	X	X	X	X	X	X	X
LK	ශ්‍රී ලංකාව	94	413	9	0	X	(\d{2})(\d{3})(\d{4});(\d{3})(\d{3})(\d{3})	$1 $2 $3;$1 $2 $3	7;[1-689]	X	Sri Lanka	X	row	X	X	X	X	X	X	X	X	X
LR	Liberia	231	618	7,9	0	X	(\d)(\d{3})(\d{3});(\d{2})(\d{3})(\d{3});(\d{2})(\d{3})(\d{4})	$1 $2 $3;$1 $2 $3;$1 $2 $3	[45];2;[23578]	X	Liberia	X	row	X	X	X	X	X	X	X	X	X
LS	Lesotho	266	651	8	0	X	(\d{4})(\d{4})	$1 $2	N/A	X	Lesotho	X	row	X	X	X	X	X	X	X	X	X
LT	Lietuva	370	246	8	0,8	X	(\d)(\d{3})(\d{4});(\d{3})(\d{2})(\d{3});(\d{2})(\d{6});(\d{3})(\d{5})	$1 $2 $3;$1 $2 $3;$1 $2;$1 $2	52[0-79];[7-9];37|4(?:[15]|6[1-8]);[3-6]	X	Lithuania	X	eu	X	X	X	X	X	X	X	X	X
LU	Lëtzebuerg	352	270	9	0	X	(\d{2})(\d{3});(\d{2})(\d{2})(\d{2});(\d{2})(\d{2})(\d{3});(\d{2})(\d{2})(\d{2})(\d{1,2});(\d{3})(\d{2})(\d{3});(\d{2})(\d{2})(\d{2})(\d{3});(\d{3})(\d{3})(\d{3});(\d{2})(\d{2})(\d{2})(\d{2})(\d{1,2});(\d{2})(\d{2})(\d{2})(\d{1,5})	$1 $2;$1 $2 $3;$1 $2 $3;$1 $2 $3 $4;$1 $2 $3;$1 $2 $3 $4;$1 $2 $3;$1 $2 $3 $4 $5;$1 $2 $3 $4	2(?:0[2-689]|[2-9])|[3-57]|8(?:0[2-9]|[13-9])|9(?:0[89]|[2-579]);2(?:0[2-689]|[2-9])|[3-57]|8(?:0[2-9]|[13-9])|9(?:0[89]|[2-579]);20[2-689];2(?:[0367]|4[3-8]);80[01]|90[015];20;6;2(?:[0367]|4[3-8]);[3-57]|8[13-9]|9(?:0[89]|[2-579])|(?:2|80)[2-9]	X	Luxembourg	X	eu	X	X	X	X	X	X	X	X	X
LV	Latvija	371	247	8	0	X	(\d{2})(\d{3})(\d{3})	$1 $2 $3	[269]|8[01]	X	Latvia	X	eu	X	X	X	X	X	X	X	X	X
LY	ليبيا	218	606	9	0	X	(\d{2})(\d{7})	$1-$2	[25-79]	X	Libya	X	row	X	X	X	X	X	X	X	X	X
MA	المغرب	212	604	9	0	X	(\d{5})(\d{4});(\d{3})(\d{2})(\d{2})(\d{2});(\d{4})(\d{5});(\d{2})(\d{7});(\d{3})(\d{6})	$1-$2;$1 $2 $3 $4;$1-$2;$1-$2;$1-$2	5(?:29|38)#5(?:29|38)[89];5[45];5(?:2[2-489]|3[5-9]|9)|892;8;[5-7]	X	Morocco	X	row	X	X	X	X	X	X	X	X	X
MC	Monaco	377	212	8,9	0	X	(\d{3})(\d{3})(\d{2});(\d{2})(\d{3})(\d{3});(\d{2})(\d{2})(\d{2})(\d{2});(\d)(\d{2})(\d{2})(\d{2})(\d{2})	$1 $2 $3;$1 $2 $3;$1 $2 $3 $4;$1 $2 $3 $4 $5	8;4;[39];6	X	Monaco	X	eu	X	X	X	X	X	X	X	X	X
MD	Republica Moldova	373	259	8	0	X	(\d{3})(\d{5});(\d{2})(\d{3})(\d{3});(\d{3})(\d{2})(\d{3})	$1 $2;$1 $2 $3;$1 $2 $3	[89];22|3;[25-7]	X	Moldova	X	row	X	X	X	X	X	X	X	X	X
ME	Црна Гора	382	297	8	0	X	(\d{2})(\d{3})(\d{3,4})	$1 $2 $3	[2-9]	X	Montenegro	X	row	X	X	X	X	X	X	X	X	X
MF	Saint-Martin	590	340	9	0	X				X	St. Martin	X	eu	X	X	X	X	X	X	X	X	X
MG	Madagascar	261	646	9	0	X	(\d{2})(\d{2})(\d{3})(\d{2})	$1 $2 $3 $4	[23]	X	Madagascar	X	row	X	X	X	X	X	X	X	X	X
MH	Marshall Islands	692	551	7	0,1	X	(\d{3})(\d{4})	$1-$2	[2-6]	X	Marshall Islands	X	row	X	X	X	X	X	X	X	X	X
MK	Северна Македонија	389	294	8	0	X	(\d)(\d{3})(\d{4});(\d{2})(\d{3})(\d{3});(\d{3})(\d)(\d{2})(\d{2})	$1 $2 $3;$1 $2 $3;$1 $2 $3 $4	2;[347];[58]	X	North Macedonia	X	row	X	X	X	X	X	X	X	X	X
ML	Mali	223	610	8	0	X	(\d{4});(\d{2})(\d{2})(\d{2})(\d{2})	$1;$1 $2 $3 $4	67[057-9]|74[045]#67(?:0[09]|[59]9|77|8[89])|74(?:0[02]|44|55);[24-9]	X	Mali	X	row	X	X	X	X	X	X	X	X	X
MM	မြန်မာ	95	414	8,9,10	0	X	(\d)(\d{2})(\d{3});(\d{2})(\d{2})(\d{3});(\d)(\d{3})(\d{3,4});(\d{2})(\d{3})(\d{3,4});(\d)(\d{3})(\d{4,6});(\d)(\d{4})(\d{4});(\d{3})(\d{3})(\d{4});(\d)(\d{3})(\d{3})(\d{3});(\d)(\d{5})(\d{4})	$1 $2 $3;$1 $2 $3;$1 $2 $3;$1 $2 $3;$1 $2 $3;$1 $2 $3;$1 $2 $3;$1 $2 $3 $4;$1 $2 $3	16|2;[45]|6(?:0[23]|[1-689]|7[235-7])|7(?:[0-4]|5[2-7])|8[1-6];[12];[4-7]|8[1-35];9(?:2[0-4]|[35-9]|4[137-9]);2;8;92;9	X	Myanmar (Burma)	X	row	X	X	X	X	X	X	X	X	X
MN	Монгол	976	428	8	0	X	(\d{2})(\d{2})(\d{4});(\d{4})(\d{4});(\d{3})(\d{5,6});(\d{4})(\d{5,6});(\d{5})(\d{4,5})	$1 $2 $3;$1 $2;$1 $2;$1 $2;$1 $2	[12]1;[57-9];[12]2[1-3];[12](?:27|3[2-8]|4[2-68]|5[1-4689])#[12](?:27|3[2-8]|4[2-68]|5[1-4689])[0-3];[12]	X	Mongolia	X	row	X	X	X	X	X	X	X	X	X
MO	中國澳門特別行政區	853	455	8	0	X	(\d{4})(\d{4})	$1 $2	[268]	X	Macao SAR China	X	row	X	X	X	X	X	X	X	X	X
MP	Northern Mariana Islands	1	534	10	0,1	X				X	Northern Mariana Islands	X	row	X	X	X	X	X	X	X	X	X
MQ	Martinique	596	340	9	0	X	(\d{3})(\d{2})(\d{2})(\d{2})	$1 $2 $3 $4	[56]	X	Martinique	X	eu	X	X	X	X	X	X	X	X	X
MR	موريتانيا	222	609	8	0	X	(\d{2})(\d{2})(\d{2})(\d{2})	$1 $2 $3 $4	[2-48]	X	Mauritania	X	row	X	X	X	X	X	X	X	X	X
MS	Montserrat	1	354	10	0,1	X				X	Montserrat	X	row	X	X	X	X	X	X	X	X	X
MT	Malta	356	278	8	0	X	(\d{4})(\d{4})	$1 $2	[2357-9]	X	Malta	X	eu	X	X	X	X	X	X	X	X	X
MU	Mauritius	230	617	7,8	0	X	(\d{3})(\d{4});(\d{4})(\d{4})	$1 $2;$1 $2	[2-46]|8[013];5	X	Mauritius	X	row	X	X	X	X	X	X	X	X	X
MV	Maldives	960	472	7	0	X	(\d{3})(\d{4});(\d{3})(\d{3})(\d{4})	$1-$2;$1 $2 $3	[3467]|9[14-9];[89]	X	Maldives	X	row	X	X	X	X	X	X	X	X	X
MW	Malawi	265	650	9	0	X	(\d)(\d{3})(\d{3});(\d{3})(\d{3})(\d{3});(\d{2})(\d{3})(\d{4});(\d{3})(\d{2})(\d{2})(\d{2})	$1 $2 $3;$1 $2 $3;$1 $2 $3;$1 $2 $3 $4	1[2-9];2;3;[17-9]	X	Malawi	X	row	X	X	X	X	X	X	X	X	X
MX	México	52	334	10,11	01	X	(\d{5});(\d{2})(\d{4})(\d{4});(\d{3})(\d{3})(\d{4});(\d)(\d{2})(\d{4})(\d{4});(\d)(\d{3})(\d{3})(\d{4})	$1;$1 $2 $3;$1 $2 $3;$1 $2 $3 $4;$1 $2 $3 $4	53;33|5[56]|81;[2-9];1(?:33|5[56]|81);1	X	Mexico	X	row	X	X	X	X	X	X	X	X	X
MY	Malaysia	60	502	9,10	0	X	(\d)(\d{3})(\d{4});(\d{2})(\d{3})(\d{3,4});(\d)(\d{4})(\d{4});(\d)(\d{3})(\d{2})(\d{4});(\d{3})(\d{3})(\d{4});(\d{2})(\d{4})(\d{4})	$1-$2 $3;$1-$2 $3;$1-$2 $3;$1-$2-$3-$4;$1-$2 $3;$1-$2 $3	[4-79];1(?:[0249]|[367][2-9]|8[1-9])|8;3;1[36-8];15;1	X	Malaysia	X	row	X	X	X	X	X	X	X	X	X
MZ	Moçambique	258	643	9	0	X	(\d{2})(\d{3})(\d{3,4});(\d{3})(\d{3})(\d{3})	$1 $2 $3;$1 $2 $3	2|8[2-7];8	X	Mozambique	X	row	X	X	X	X	X	X	X	X	X
NA	Namibia	264	649	9	0	X	(\d{2})(\d{3})(\d{3});(\d{2})(\d{3})(\d{3,4});(\d{3})(\d{3})(\d{3});(\d{2})(\d{3})(\d{4})	$1 $2 $3;$1 $2 $3;$1 $2 $3;$1 $2 $3	88;6;87;8	X	Namibia	X	row	X	X	X	X	X	X	X	X	X
NC	Nouvelle-Calédonie	687	546	6	0	X	(\d{3});(\d{2})(\d{2})(\d{2})	$1;$1.$2.$3	5[6-8];[2-57-9]	X	New Caledonia	X	row	X	X	X	X	X	X	X	X	X
NE	Niger	227	614	8		X	(\d{2})(\d{3})(\d{3});(\d{2})(\d{2})(\d{2})(\d{2})	$1 $2 $3;$1 $2 $3 $4	08;[0289]	X	Niger	X	row	X	X	X	X	X	X	X	X	X
NF	Norfolk Island	672	999	6	0	X	(\d{2})(\d{4});(\d)(\d{5})	$1 $2;$1 $2	1;3	X	Norfolk Island	X	row	X	X	X	X	X	X	X	X	X
NG	Nigeria	234	621	10	0	X	(\d{2})(\d{2})(\d{3});(\d)(\d{3})(\d{3,4});(\d{2})(\d{3})(\d{2,3});(\d{3})(\d{3})(\d{3,4});(\d{3})(\d{4})(\d{4,5});(\d{3})(\d{5})(\d{5,6})	$1 $2 $3;$1 $2 $3;$1 $2 $3;$1 $2 $3;$1 $2 $3;$1 $2 $3	78;[12]|9(?:0[3-9]|[1-9]);[3-7]|8[2-9];[7-9];[78];[78]	X	Nigeria	X	row	X	X	X	X	X	X	X	X	X
NI	Nicaragua	505	710	8	0	X	(\d{4})(\d{4})	$1 $2	[125-8]	X	Nicaragua	X	row	X	X	X	X	X	X	X	X	X
NL	Nederland	31	204	9,10,11	0	X	(\d{4});(\d{2})(\d{3,4});(\d{6});(\d{3})(\d{4,7});(\d{2})(\d{7});(\d)(\d{8});(\d{3})(\d{3})(\d{3});(\d{2})(\d{3})(\d{4})	$1;$1 $2;$1;$1 $2;$1 $2;$1 $2;$1 $2 $3;$1 $2 $3	1[238]|[34];14;1;[89]0;66;6;1[16-8]|2[259]|3[124]|4[17-9]|5[124679];[1-57-9]	X	Netherlands	X	eu	X	X	X	X	X	X	X	X	X
NO	Norge	47	242	8	0	X	(\d{3})(\d{2})(\d{3});(\d{2})(\d{2})(\d{2})(\d{2})	$1 $2 $3;$1 $2 $3 $4	[489];[235-7]	X	Norway	X	eu	X	X	X	X	X	X	X	X	X
NP	नेपाल	977	429	10	0	X	(\d)(\d{7});(\d{2})(\d{6});(\d{3})(\d{7})	$1-$2;$1-$2;$1-$2	1[2-6];[1-8]|9(?:[1-69]|7[15-9]);9	X	Nepal	X	row	X	X	X	X	X	X	X	X	X
NR	Nauru	674	536	7	0	X	(\d{3})(\d{4})	$1 $2	[458]	X	Nauru	X	row	X	X	X	X	X	X	X	X	X
NU	Niue	683	553	7	0	X	(\d{3})(\d{4})	$1 $2	8	X	Niue	X	row	X	X	X	X	X	X	X	X	X
NZ	New Zealand	64	530	8,9,10	0	X	(\d{3})(\d{2})(\d{3});(\d)(\d{3})(\d{4});(\d{3})(\d{3})(\d{3,4});(\d{2})(\d{3,4})(\d{4});(\d{2})(\d{3})(\d{3,5})	$1 $2 $3;$1-$2 $3;$1 $2 $3;$1 $2 $3;$1 $2 $3	[89]0;24|[346]|7[2-57-9]|9[2-9];2(?:10|74)|[59]|80;2[028];2(?:[169]|7[0-35-9])|7|86	X	New Zealand	X	row	X	X	X	X	X	X	X	X	X
OM	عُمان	968	422	8	0	X	(\d{3})(\d{4,6});(\d{2})(\d{6});(\d{4})(\d{4})	$1 $2;$1 $2;$1 $2	[58];2;[79]	X	Oman	X	row	X	X	X	X	X	X	X	X	X
PA	Panamá	507	714	7,8	0	X	(\d{3})(\d{4});(\d{4})(\d{4})	$1-$2;$1-$2	[1-57-9];6	X	Panama	X	row	X	X	X	X	X	X	X	X	X
PE	Perú	51	716	9	0	X	(\d{3})(\d{5});(\d)(\d{7});(\d{2})(\d{6});(\d{3})(\d{3})(\d{3})	$1 $2;$1 $2;$1 $2;$1 $2 $3	80;1;[4-8];9	X	Peru	X	row	X	X	X	X	X	X	X	X	X
PF	Polynésie française	689	547	8	0	X	(\d{2})(\d{2})(\d{2});(\d{2})(\d{2})(\d{2})(\d{2})	$1 $2 $3;$1 $2 $3 $4	44;[48]	X	French Polynesia	X	row	X	X	X	X	X	X	X	X	X
PG	Papua New Guinea	675	537	8	0	X	(\d{3})(\d{4});(\d{4})(\d{4})	$1 $2;$1 $2	18|[2-69]|85;[78]	X	Papua New Guinea	X	row	X	X	X	X	X	X	X	X	X
PH	Philippines	63	515	10	0	X	(\d)(\d{5});(\d)(\d{3})(\d{4});(\d{4})(\d{4,6});(\d{5})(\d{4});(\d{2})(\d{3})(\d{4});(\d{3})(\d{3})(\d{4});(\d{4})(\d{3})(\d{4});(\d{4})(\d{1,2})(\d{3})(\d{4})	$1 $2;$1 $2 $3;$1 $2;$1 $2;$1 $2 $3;$1 $2 $3;$1 $2 $3;$1 $2 $3 $4	2;2;3(?:23|39|46)|4(?:2[3-6]|[35]9|4[26]|76)|544|88[245]|(?:52|64|86)2#3(?:230|397|461)|4(?:2(?:35|[46]4|51)|396|4(?:22|63)|59[347]|76[15])|5(?:221|446)|642[23]|8(?:622|8(?:[24]2|5[13]));346|4(?:27|9[35])|883#3469|4(?:279|9(?:30|56))|8834;[3-7]|8[2-8];[89];1;1	X	Philippines	X	row	X	X	X	X	X	X	X	X	X
PK	پاکستان	92	410	10	0	X	(\d{3})(\d{3})(\d{2});(\d{4})(\d{5});(\d{2})(\d{7,8});(\d{3})(\d{6,7});(\d{5})(\d{5});(\d{3})(\d{7});(\d{2})(\d{3})(\d{3})(\d{3});(\d{3})(\d{3})(\d{3})(\d{3})	$1 $2 $3;$1 $2;$1 $2;$1 $2;$1 $2;$1 $2;$1 $2 $3 $4;$1 $2 $3 $4	[89]0;1;(?:2[125]|4[0-246-9]|5[1-35-7]|6[1-8]|7[14]|8[16]|91)[2-9];2(?:3[2358]|4[2-4]|9[2-8])|45[3479]|54[2-467]|60[468]|72[236]|8(?:2[2-689]|3[23578]|4[3478]|5[2356])|9(?:2[2-8]|3[27-9]|4[2-6]|6[3569]|9[25-8])#9(?:2[3-8]|98)|(?:2(?:3[2358]|4[2-4]|9[2-8])|45[3479]|54[2-467]|60[468]|72[236]|8(?:2[2-689]|3[23578]|4[3478]|5[2356])|9(?:22|3[27-9]|4[2-6]|6[3569]|9[25-7]))[2-9];58;3;2[125]|4[0-246-9]|5[1-35-7]|6[1-8]|7[14]|8[16]|91;[24-9]	X	Pakistan	X	row	X	X	X	X	X	X	X	X	X
PL	Polska	48	260	9	0	X	(\d{5});(\d{3})(\d{3});(\d{2})(\d{2})(\d{3});(\d{3})(\d{2})(\d{2,3});(\d{3})(\d{3})(\d{3});(\d{2})(\d{3})(\d{2})(\d{2})	$1;$1 $2;$1 $2 $3;$1 $2 $3;$1 $2 $3;$1 $2 $3 $4	19;11|64;(?:1[2-8]|2[2-69]|3[2-4]|4[1-468]|5[24-689]|6[1-3578]|7[14-7]|8[1-79]|9[145])1#(?:1[2-8]|2[2-69]|3[2-4]|4[1-468]|5[24-689]|6[1-3578]|7[14-7]|8[1-79]|9[145])19;64;39|45|5[0137]|6[0469]|7[02389]|8[08];1[2-8]|[2-8]|9[145]	X	Poland	X	eu	X	X	X	X	X	X	X	X	X
PM	Saint-Pierre-et-Miquelon	508	308	6	0	X	(\d{2})(\d{2})(\d{2})	$1 $2 $3	[45]	X	St. Pierre & Miquelon	X	row	X	X	X	X	X	X	X	X	X
PR	Puerto Rico	1	330	10	0,1	X				X	Puerto Rico	X	row	X	X	X	X	X	X	X	X	X
PS	الأراضي الفلسطينية	970	423	9	0	X	(\d)(\d{3})(\d{4});(\d{3})(\d{3})(\d{3});(\d{4})(\d{3})(\d{3})	$1 $2 $3;$1 $2 $3;$1 $2 $3	[2489];5;1	X	Palestinian Territories	X	row	X	X	X	X	X	X	X	X	X
PT	Portugal	351	268	9	0	X	(\d{2})(\d{3})(\d{4});(\d{3})(\d{3})(\d{3})	$1 $2 $3;$1 $2 $3	2[12];[236-9]	X	Portugal	X	eu	X	X	X	X	X	X	X	X	X
PW	Palau	680	552	7	0	X	(\d{3})(\d{4})	$1 $2	[2-9]	X	Palau	X	row	X	X	X	X	X	X	X	X	X
PY	Paraguay	595	744	9	0	X	(\d{3})(\d{3,6});(\d{2})(\d{5});(\d{3})(\d{4,5});(\d{2})(\d{3})(\d{3,4});(\d{2})(\d{3})(\d{4});(\d{3})(\d{6});(\d{3})(\d{3})(\d{3})	$1 $2;$1 $2;$1 $2;$1 $2 $3;$1 $2 $3;$1 $2;$1 $2 $3	[2-9]0;[26]1|3[289]|4[1246-8]|7[1-3]|8[1-36];2[279]|3[13-5]|4[359]|5|6[347]|7[46-8]|85;[26]1|3[289]|4[1246-8]|7[1-3]|8[1-36];87;9;[2-8]	X	Paraguay	X	row	X	X	X	X	X	X	X	X	X
QA	قطر	974	427	8	0	X	(\d{3})(\d{4});(\d{4})(\d{4})	$1 $2;$1 $2	2[126]|8;[3-7]	X	Qatar	X	row	X	X	X	X	X	X	X	X	X
RE	La Réunion	262	647	9	0	X	(\d{3})(\d{2})(\d{2})(\d{2})	$1 $2 $3 $4	[268]	X	Réunion	X	eu	X	X	X	X	X	X	X	X	X
RO	România	40	226	9	0	X	(\d{3})(\d{3});(\d{2})(\d{4});(\d{2})(\d{3})(\d{4});(\d{3})(\d{3})(\d{3})	$1 $2;$1 $2;$1 $2 $3;$1 $2 $3	2[3-6]#2[3-6]\d9;219|31;[23]1;[237-9]	X	Romania	X	eu	X	X	X	X	X	X	X	X	X
RS	Србија	381	220	8,9,10	0	X	(\d{3})(\d{3,9});(\d{2})(\d{5,10})	$1 $2;$1 $2	(?:2[389]|39)0|[7-9];[1-36]	X	Serbia	X	row	X	X	X	X	X	X	X	X	X
RU	Россия	7	250	10	0,8	X	(\d{3})(\d{2})(\d{2});(\d{4})(\d{2})(\d{2})(\d{2});(\d{5})(\d)(\d{2})(\d{2});(\d{3})(\d{3})(\d{4});(\d{3})(\d{3})(\d{2})(\d{2})	$1-$2-$3;$1 $2 $3 $4;$1 $2 $3 $4;$1 $2 $3;$1 $2-$3-$4	[0-79];7(?:1[0-8]|2[1-9])#7(?:1(?:[0-6]2|7|8[27])|2(?:1[23]|[2-9]2))#7(?:1(?:[0-6]2|7|8[27])|2(?:13[03-69]|62[013-9]))|72[1-57-9]2;7(?:1[0-68]|2[1-9])#7(?:1(?:[06][3-6]|[18]|2[35]|[3-5][3-5])|2(?:[13][3-5]|[24-689]|7[457]))#7(?:1(?:0(?:[356]|4[023])|[18]|2(?:3[013-9]|5)|3[45]|43[013-79]|5(?:3[1-8]|4[1-7]|5)|6(?:3[0-35-9]|[4-6]))|2(?:1(?:3[178]|[45])|[24-689]|3[35]|7[457]))|7(?:14|23)4[0-8]|71(?:33|45)[1-79];7;[3489]	X	Russia	X	row	X	X	X	X	X	X	X	X	X
RW	U Rwanda	250	635	9	0	X	(\d{2})(\d{2})(\d{2})(\d{2});(\d{3})(\d{3})(\d{3});(\d{3})(\d{3})(\d{3})	$1 $2 $3 $4;$1 $2 $3;$1 $2 $3	0;2;[7-9]	X	Rwanda	X	row	X	X	X	X	X	X	X	X	X
SA	المملكة العربية السعودية	966	420	9	0	X	(\d{4})(\d{5});(\d{2})(\d{3})(\d{4});(\d{2})(\d{3})(\d{4});(\d{3})(\d{3})(\d{3,4});(\d{3})(\d{3})(\d{4})	$1 $2;$1 $2 $3;$1 $2 $3;$1 $2 $3;$1 $2 $3	9;1;5;81;8	X	Saudi Arabia	X	row	X	X	X	X	X	X	X	X	X
SB	Solomon Islands	677	540	7	0	X	(\d{2})(\d{5})	$1 $2	7|8[4-9]|9(?:[1-8]|9[0-8])	X	Solomon Islands	X	row	X	X	X	X	X	X	X	X	X
SC	Seychelles	248	633	7	0	X	(\d)(\d{3})(\d{3})	$1 $2 $3	[246]	X	Seychelles	X	row	X	X	X	X	X	X	X	X	X
SD	السودان	249	634	9	0	X	(\d{2})(\d{3})(\d{4})	$1 $2 $3	[19]	X	Sudan	X	row	X	X	X	X	X	X	X	X	X
SE	Sverige	46	240	9,13	0	X	(\d{2})(\d{2,3})(\d{2});(\d{3})(\d{4});(\d{2})(\d{3})(\d{2});(\d)(\d{2,3})(\d{2})(\d{2});(\d{3})(\d{2,3})(\d{2});(\d{3})(\d{2,3})(\d{3});(\d{2})(\d{2,3})(\d{2})(\d{2});(\d{2})(\d{3})(\d{2})(\d{2});(\d)(\d{3})(\d{3})(\d{2});(\d{3})(\d{2})(\d{2})(\d{2});(\d{3})(\d{2})(\d{2})(\d{3});(\d{3})(\d{2})(\d{3})(\d{2})(\d{2})	$1 $2 $3;$1 $2;$1 $2 $3;$1 $2 $3 $4;$1 $2 $3;$1 $2 $3;$1 $2 $3 $4;$1 $2 $3 $4;$1 $2 $3 $4;$1 $2 $3 $4;$1 $2 $3 $4;$1 $2 $3 $4 $5	20;9(?:00|39|44);[12][136]|3[356]|4[0246]|6[03]|90[1-9];8;1[2457]|2(?:[247-9]|5[0138])|3[0247-9]|4[1357-9]|5[0-35-9]|6(?:[125689]|4[02-57]|7[0-2])|9(?:[125-8]|3[02-5]|4[0-3]);9(?:00|39|44);1[013689]|2[0136]|3[1356]|4[0246]|54|6[03]|90[1-9];7;8;[13-5]|2(?:[247-9]|5[0138])|6(?:[124-689]|7[0-2])|9(?:[125-8]|3[02-5]|4[0-3]);9;[26]	X	Sweden	X	eu	X	X	X	X	X	X	X	X	X
SG	Singapore	65	525	8	0	X	(\d{4,5});(\d{4})(\d{4});(\d{3})(\d{3})(\d{4});(\d{4})(\d{4})(\d{3});(\d{4})(\d{3})(\d{4})	$1;$1 $2;$1 $2 $3;$1 $2 $3;$1 $2 $3	1[0135-7]|77;[369]|8[1-9];8;7;1	X	Singapore	X	row	X	X	X	X	X	X	X	X	X
SH	St. Helena	290	999	5	0	X				X	St. Helena	X	row	X	X	X	X	X	X	X	X	X
SI	Slovenija	386	293	8	0	X	(\d{2})(\d{3,6});(\d{3})(\d{5});(\d{2})(\d{3})(\d{3});(\d)(\d{3})(\d{2})(\d{2})	$1 $2;$1 $2;$1 $2 $3;$1 $2 $3 $4	8[09]|9;59|8;[37][01]|4[0139]|51|6;[1-57]	X	Slovenia	X	eu	X	X	X	X	X	X	X	X	X
SJ	Шпицберген и Ян-Майен	47	999	8		X				X	Svalbard & Jan Mayen	X	eu	X	X	X	X	X	X	X	X	X
SK	Slovensko	421	231	9	0	X	(\d)(\d{2})(\d{3,4});(\d{2})(\d{2})(\d{2,3});(\d)(\d{3})(\d{3})(\d{2});(\d{2})(\d{3})(\d{2})(\d{2});(\d{3})(\d{3})(\d{3});(\d{4})(\d{3})	$1 $2 $3;$1 $2 $3;$1/$2 $3 $4;$1/$2 $3 $4;$1 $2 $3;$1 $2	21;[3-5][1-8]1#[3-5][1-8]1[67];2;[3-5];[689];909#9090	X	Slovakia	X	eu	X	X	X	X	X	X	X	X	X
SL	Sierra Leone	232	619	8	0	X	(\d{2})(\d{6})	$1 $2	[237-9]	X	Sierra Leone	X	row	X	X	X	X	X	X	X	X	X
SM	San Marino	378	292	8	0	X	(\d{2})(\d{2})(\d{2})(\d{2});(\d{4})(\d{6});(\d{6});(\d{6});(\d{2})(\d{2})(\d{2})(\d{2});(\d{4})(\d{6})	$1 $2 $3 $4;($1) $2;(0549) $1;$1;$1 $2 $3 $4;$1 $2	[5-7];0;[89];[89];[5-7];0	X	San Marino	X	eu	X	X	X	X	X	X	X	X	X
SN	Sénégal	221	608	9	0	X	(\d{2})(\d{3})(\d{2})(\d{2});(\d{3})(\d{2})(\d{2})(\d{2});(\d{3})(\d{2})(\d{2})(\d{2});(\d{2})(\d{3})(\d{2})(\d{2})	$1 $2 $3 $4;$1 $2 $3 $4;$1 $2 $3 $4;$1 $2 $3 $4	[379];8;8;[379]	X	Senegal	X	row	X	X	X	X	X	X	X	X	X
SO	Soomaaliya	252	637	7,8,9	0	X	(\d{2})(\d{4});(\d{6});(\d)(\d{6});(\d)(\d{7});(\d{3})(\d{3})(\d{3});(\d{2})(\d{5,7})	$1 $2;$1;$1 $2;$1 $2;$1 $2 $3;$1 $2	8[125];[134];1|2[0-79]|3[0-46-8]|4[0-7]|59;24|[67];[348]|64|79[0-8]|90;1|28|6[1-35-9]|799|9[2-9]	X	Somalia	X	row	X	X	X	X	X	X	X	X	X
SR	Suriname	597	746	7	0	X	(\d{2})(\d{2})(\d{2});(\d{3})(\d{3});(\d{3})(\d{4})	$1-$2-$3;$1-$2;$1-$2	56;[2-5];[6-8]	X	Suriname	X	row	X	X	X	X	X	X	X	X	X
SS	South Sudan	211	659	9	0	X	(\d{3})(\d{3})(\d{3})	$1 $2 $3	[19]	X	South Sudan	X	row	X	X	X	X	X	X	X	X	X
ST	São Tomé e Príncipe	239	626	7	0	X	(\d{3})(\d{4})	$1 $2	[29]	X	São Tomé & Príncipe	X	row	X	X	X	X	X	X	X	X	X
SV	El Salvador	503	706	8	0	X	(\d{4})(\d{4});(\d{3})(\d{4});(\d{3})(\d{4})(\d{4})	$1 $2;$1 $2;$1 $2 $3	[267];[89];[89]	X	El Salvador	X	row	X	X	X	X	X	X	X	X	X
SX	Sint-Maarten	1	362	10	0,1	X				X	Sint Maarten	X	row	X	X	X	X	X	X	X	X	X
SY	سوريا	963	417	9	0	X	(\d{2})(\d{3})(\d{3,4});(\d{3})(\d{3})(\d{3})	$1 $2 $3;$1 $2 $3	[1-5];9	X	Syria	X	row	X	X	X	X	X	X	X	X	X
SZ	Eswatini	268	653	8	0	X	(\d{4})(\d{4});(\d{5})(\d{4})	$1 $2;$1 $2	[0237];9	X	Eswatini	X	row	X	X	X	X	X	X	X	X	X
TC	Turks & Caicos Islands	1	376	10	0,1	X				X	Turks & Caicos Islands	X	row	X	X	X	X	X	X	X	X	X
TD	Tchad	235	622	8	0	X	(\d{2})(\d{2})(\d{2})(\d{2})	$1 $2 $3 $4	[2679]	X	Chad	X	row	X	X	X	X	X	X	X	X	X
TG	Togo	228	615	8	0	X	(\d{2})(\d{2})(\d{2})(\d{2})	$1 $2 $3 $4	[279]	X	Togo	X	row	X	X	X	X	X	X	X	X	X
TH	ไทย	66	520	9	0	X	(\d)(\d{3})(\d{4});(\d{2})(\d{3})(\d{3,4});(\d{4})(\d{3})(\d{3})	$1 $2 $3;$1 $2 $3;$1 $2 $3	2;14|[3-9];1	X	Thailand	X	row	X	X	X	X	X	X	X	X	X
TJ	Тоҷикистон	992	436	9	8	X	(\d{6})(\d)(\d{2});(\d{3})(\d{2})(\d{4});(\d{4})(\d)(\d{4});(\d{2})(\d{3})(\d{4})	$1 $2 $3;$1 $2 $3;$1 $2 $3;$1 $2 $3	331#3317;[34]7|91[78];3;[457-9]	X	Tajikistan	X	row	X	X	X	X	X	X	X	X	X
TK	Tokelau	690	999	4,5,6,7	0	X				X	Tokelau	X	row	X	X	X	X	X	X	X	X	X
TL	Timor-Leste	670	514	8	0	X	(\d{3})(\d{4});(\d{4})(\d{4})	$1 $2;$1 $2	[2-489];7	X	Timor-Leste	X	row	X	X	X	X	X	X	X	X	X
TM	Türkmenistan	993	438	8	0,8	X	(\d{2})(\d{2})(\d{2})(\d{2});(\d{3})(\d)(\d{2})(\d{2});(\d{2})(\d{6})	$1 $2-$3-$4;$1 $2-$3-$4;$1 $2	12;[1-5];6	X	Turkmenistan	X	row	X	X	X	X	X	X	X	X	X
TN	تونس	216	605	8	0	X	(\d{2})(\d{3})(\d{3})	$1 $2 $3	N/A	X	Tunisia	X	row	X	X	X	X	X	X	X	X	X
TO	Tonga	676	539	7		X	(\d{2})(\d{3});(\d{4})(\d{3});(\d{3})(\d{4})	$1-$2;$1 $2;$1 $2	[2-4]|50|6[09]|7[0-24-69]|8[05];0;[5-8]	X	Tonga	X	row	X	X	X	X	X	X	X	X	X
TR	Türkiye	90	286	10	0	X	(\d{3})(\d)(\d{3});(\d{3})(\d{3})(\d{4});(\d{3})(\d{3})(\d{2})(\d{2});(\d{3})(\d{3})(\d{2})(\d{2})	$1 $2 $3;$1 $2 $3;$1 $2 $3 $4;$1 $2 $3 $4	444;512|8[0589]|90;5(?:[0-59]|61)#5(?:[0-59]|616)#5(?:[0-59]|6161);[24][1-8]|3[1-9]	X	Turkey	X	row	X	X	X	X	X	X	X	X	X
TT	Trinidad & Tobago	1	374	10	0,1	X				X	Trinidad & Tobago	X	row	X	X	X	X	X	X	X	X	X
TV	Tuvalu	688	999	6,7	0	X				X	Tuvalu	X	row	X	X	X	X	X	X	X	X	X
TW	台灣	886	466	9	0	X	(\d{2})(\d)(\d{4});(\d)(\d{3,4})(\d{4});(\d{2})(\d{3})(\d{4});(\d{3})(\d{3})(\d{3});(\d{2})(\d{4})(\d{4})	$1 $2 $3;$1 $2 $3;$1 $2 $3;$1 $2 $3;$1 $2 $3	202;[25][2-8]|[346]|7[1-9]|8[237-9];[258];9;7	X	Taiwan	X	row	X	X	X	X	X	X	X	X	X
TZ	Tanzania	255	640	9	0	X	(\d{3})(\d{2})(\d{4});(\d{2})(\d{3})(\d{4});(\d{3})(\d{3})(\d{3})	$1 $2 $3;$1 $2 $3;$1 $2 $3	[89];[24];[67]	X	Tanzania	X	row	X	X	X	X	X	X	X	X	X
UA	Україна	380	255	9	0	X	(\d{3})(\d{3})(\d{3});(\d{2})(\d{3})(\d{4});(\d{4})(\d{5});(\d{3})(\d{3})(\d{3,4})	$1 $2 $3;$1 $2 $3;$1 $2;$1 $2 $3	6[12][29]|(?:3[1-8]|4[136-8]|5[12457]|6[49])2|(?:56|65)[24]#6[12][29]|(?:35|4[1378]|5[12457]|6[49])2|(?:56|65)[24]|(?:3[1-46-8]|46)2[013-9];4[45][0-5]|5(?:0|6[37])|6(?:[12][018]|[36-8])|7|89|9[1-9]|(?:48|57)[0137-9]#4[45][0-5]|5(?:0|6(?:3[14-7]|7))|6(?:[12][018]|[36-8])|7|89|9[1-9]|(?:48|57)[0137-9];[3-6];[89]	X	Ukraine	X	row	X	X	X	X	X	X	X	X	X
UG	Uganda	256	641	9	0	X	(\d{4})(\d{5});(\d{3})(\d{6});(\d{2})(\d{7})	$1 $2;$1 $2;$1 $2	202#2024;[27-9]|4(?:6[45]|[7-9]);[34]	X	Uganda	X	row	X	X	X	X	X	X	X	X	X
US	United States	1	310,311,312,313,314,315,316	9,10	0,1	X	(\d{3})(\d{4});(\d{3})(\d{3})(\d{4})	$1-$2;($1) $2-$3	[2-9];[2-9]	X	United States	X	row	X	X	X	X	X	X	X	X	X
UY	Uruguay	598	748	8	0	X	(\d{3})(\d{4});(\d{2})(\d{3})(\d{3});(\d{4})(\d{4})	$1 $2;$1 $2 $3;$1 $2	8|90;9;[24]	X	Uruguay	X	row	X	X	X	X	X	X	X	X	X
UZ	Oʻzbekiston	998	434	9	0,8	X	(\d{2})(\d{3})(\d{2})(\d{2})	$1 $2 $3 $4	[679]	X	Uzbekistan	X	row	X	X	X	X	X	X	X	X	X
VA	Città del Vaticano	379	225	9,10,11		X				X	Vatican City	X	eu	X	X	X	X	X	X	X	X	X
VC	St. Vincent & Grenadines	1	360	10	0,1	X				X	St. Vincent & Grenadines	X	row	X	X	X	X	X	X	X	X	X
VE	Venezuela	58	734	10	0	X	(\d{3})(\d{7})	$1-$2	[24589]	X	Venezuela	X	row	X	X	X	X	X	X	X	X	X
VG	British Virgin Islands	1	348	10	0,1	X				X	British Virgin Islands	X	row	X	X	X	X	X	X	X	X	X
VI	U.S. Virgin Islands	1	332	10	0,1	X				X	U.S. Virgin Islands	X	row	X	X	X	X	X	X	X	X	X
VN	Việt Nam	84	452	9,10	0	X	([17]99)(\d{4});(\d{2})(\d{4})(\d{4});(80)(\d{5});(69\d)(\d{4,5});(\d{3})(\d{4})(\d{3});([89]\d)(\d{3})(\d{2})(\d{2});(1[2689]\d)(\d{3})(\d{4});([3578]\d)(\d{3})(\d{4});(86[89])(\d{3})(\d{3});(1[89]00)(\d{4,6})	$1 $2;$1 $2 $3;$1 $2;$1 $2;$1 $2 $3;$1 $2 $3 $4;$1 $2 $3;$1 $2 $3;$1 $2 $3;$1 $2	[17]99;2[48];80;69;2[0-35-79];8(?:8|9[89])|9;1(?:[26]|8[68]|99);[357]|8[1-5];86[89];1[89]0#1[89]00	X	Vietnam	X	row	X	X	X	X	X	X	X	X	X
VU	Vanuatu	678	541	7	0	X	(\d{3})(\d{4})	$1 $2	[579]	X	Vanuatu	X	row	X	X	X	X	X	X	X	X	X
WF	Wallis-et-Futuna	681	543	6	0	X	(\d{2})(\d{2})(\d{2})	$1 $2 $3	[4-8]	X	Wallis & Futuna	X	row	X	X	X	X	X	X	X	X	X
WS	Samoa	685	549	6,7	0	X	(\d{5});(\d{3})(\d{3,7});(\d{2})(\d{5})	$1;$1 $2;$1 $2	[2-6];8;7	X	Samoa	X	row	X	X	X	X	X	X	X	X	X
XK	Kosovë	383	221	8	0	X	(\d{3})(\d{5});(\d{2})(\d{3})(\d{3});(\d{3})(\d{3})(\d{3})	$1 $2;$1 $2 $3;$1 $2 $3	[89];[2-4];[23]	X	Kosovo	X	row	X	X	X	X	X	X	X	X	X
YE	اليمن	967	421	9	0	X	(\d)(\d{3})(\d{3,4});(\d{3})(\d{3})(\d{3})	$1 $2 $3;$1 $2 $3	[1-6]|7[24-68];7	X	Yemen	X	row	X	X	X	X	X	X	X	X	X
YT	Mayotte	262	654	9	0	X				X	Mayotte	X	eu	X	X	X	X	X	X	X	X	X
ZA	iNingizimu Afrika	27	655	5,6,7,8,9	0	X	(\d{2})(\d{3,4});(\d{2})(\d{3})(\d{2,3});(\d{3})(\d{3})(\d{3});(\d{2})(\d{3})(\d{4})	$1 $2;$1 $2 $3;$1 $2 $3;$1 $2 $3	8[1-4];8[1-4];860;[1-9]	X	South Africa	X	row	X	X	X	X	X	X	X	X	X
ZM	Zambia	260	645	9	0	X	(\d{3})(\d{3});(\d{3})(\d{3})(\d{3})	$1 $2;$1 $2 $3	[1-9];[28]	X	Zambia	X	row	X	X	X	X	X	X	X	X	X
ZW	Zimbabwe	263	648	9,10	0	X	(\d{3})(\d{3,5});(\d)(\d{3})(\d{2,4});(\d{3})(\d{4});(\d{2})(\d{7});(\d{2})(\d{3})(\d{4});(\d{3})(\d{3})(\d{3,4});(\d{4})(\d{6});(\d{2})(\d{3,5});(\d{2})(\d{3})(\d{3,4});(\d{4})(\d{3,5})	$1 $2;$1 $2 $3;$1 $2;$1 $2;$1 $2 $3;$1 $2 $3;$1 $2;$1 $2;$1 $2 $3;$1 $2	2(?:0[45]|2[278]|[49]8)|3(?:[09]8|17)|6(?:[29]8|37|75)|[23][78]|(?:33|5[15]|6[68])[78];[49];80;24|8[13-59]|(?:2[05-79]|39|5[45]|6[15-8])2#2(?:02[014]|4|[56]20|[79]2)|392|5(?:42|525)|6(?:[16-8]21|52[013])|8[13-59];7;2(?:1[39]|2[0157]|[378]|[56][14])|3(?:12|29)#2(?:1[39]|2[0157]|[378]|[56][14])|3(?:123|29);8;1|2(?:0[0-36-9]|12|29|[56])|3(?:1[0-689]|[24-6])|5(?:[0236-9]|1[2-4])|6(?:[013-59]|7[0-46-9])|(?:33|55|6[68])[0-69]|(?:29|3[09]|62)[0-79];29[013-9]|39|54;(?:25|54)8#258[23]|5483	X	Zimbabwe	X	row	X	X	X	X	X	X	X	X	X
